Province,Country,2/16/2021,2/17/2021,2/18/2021,2/19/2021,2/20/2021,2/21/2021,2/22/2021,2/23/2021,2/24/2021,2/25/2021,2/26/2021,2/27/2021,2/28/2021,3/1/2021,3/2/2021,3/3/2021,3/4/2021,3/5/2021,3/6/2021,3/7/2021,3/8/2021,3/9/2021,3/10/2021,3/11/2021,3/12/2021,3/13/2021,3/14/2021,3/15/2021,2/17/2021,2/18/2021,2/19/2021,2/20/2021,2/21/2021,2/22/2021,2/23/2021,2/24/2021,2/25/2021,2/26/2021,2/27/2021,2/28/2021,3/1/2021,3/2/2021,3/3/2021,3/4/2021,3/5/2021,3/6/2021,3/7/2021,3/8/2021,3/9/2021,3/10/2021,3/11/2021,3/12/2021,3/13/2021,3/14/2021,3/15/2021,,,,,,,,,,,,,,,,
,Afghanistan,55518,55540,55557,55575,55580,55604,55617,55646,55664,55680,55696,55707,55714,55733,55759,55770,55775,55827,55840,55847,55876,55876,55894,55917,55959,55959,55985,55985,22,17,18,5,24,13,29,18,16,16,11,7,19,26,11,5,52,13,7,29,0,18,23,42,0,26,0,,,,,,,,,,,,,,,,
,Albania,94651,95726,96838,97909,99062,100246,101285,102306,103327,104313,105229,106215,107167,107931,108823,109674,110521,111301,112078,112897,113580,114209,114840,115442,116123,116821,117474,118017,1075,1112,1071,1153,1184,1039,1021,1021,986,916,986,952,764,892,851,847,780,777,819,683,629,631,602,681,698,653,543,,,,,,,,,,,,,,,,
,Algeria,111069,111247,111418,111600,111764,111917,112094,112279,112461,112622,112805,112960,113092,113255,113430,113593,113761,113948,114104,114234,114382,114543,114681,114851,115008,115143,115265,115410,178,171,182,164,153,177,185,182,161,183,155,132,163,175,163,168,187,156,130,148,161,138,170,157,135,122,145,,,,,,,,,,,,,,,,
,Andorra,10555,10583,10610,10645,10672,10699,10712,10739,10775,10799,10822,10849,10866,10889,10908,10948,10976,10998,11019,11042,11069,11089,11130,11130,11199,11228,11266,11289,28,27,35,27,27,13,27,36,24,23,27,17,23,19,40,28,22,21,23,27,20,41,0,69,29,38,23,,,,,,,,,,,,,,,,
,Angola,20389,20400,20452,20478,20499,20519,20548,20584,20640,20695,20759,20782,20807,20854,20882,20923,20981,21026,21055,21086,21108,21114,21161,21205,21265,21323,21380,21407,11,52,26,21,20,29,36,56,55,64,23,25,47,28,41,58,45,29,31,22,6,47,44,60,58,57,27,,,,,,,,,,,,,,,,
,Antigua and Barbuda,443,525,548,548,598,598,614,636,646,701,701,726,730,769,769,769,813,813,813,848,848,862,882,882,945,962,963,963,82,23,0,50,0,16,22,10,55,0,25,4,39,0,0,44,0,0,35,0,14,20,0,63,17,1,0,,,,,,,,,,,,,,,,
,Argentina,2033060,2039124,2046795,2054681,2060625,2064334,2069751,2077228,2085411,2093645,2098728,2104197,2107365,2112023,2118676,2126531,2133963,2141854,2146714,2149636,2154694,2162001,2169694,2177898,2185747,2192025,2195722,2201886,6064,7671,7886,5944,3709,5417,7477,8183,8234,5083,5469,3168,4658,6653,7855,7432,7891,4860,2922,5058,7307,7693,8204,7849,6278,3697,6164,,,,,,,,,,,,,,,,
,Armenia,169391,169597,169820,170011,170234,170402,170506,170672,170945,171227,171510,171793,172058,172216,172456,172816,173307,173749,174257,174679,175016,175198,175538,176286,177104,177899,178385,178702,206,223,191,223,168,104,166,273,282,283,283,265,158,240,360,491,442,508,422,337,182,340,748,818,795,486,317,,,,,,,,,,,,,,,,
Australian Capital Territory,Australia,118,118,118,118,118,118,118,118,118,118,118,118,118,118,120,120,120,120,122,122,122,123,123,123,123,123,123,123,0,0,0,0,0,0,0,0,0,0,0,0,0,2,0,0,0,2,0,0,1,0,0,0,0,0,0,,,,,,,,,,,,,,,,
New South Wales,Australia,5143,5143,5145,5146,5149,5150,5154,5155,5162,5166,5172,5177,5180,5183,5189,5193,5205,5207,5209,5210,5215,5220,5226,5234,5234,5237,5240,5242,0,2,1,3,1,4,1,7,4,6,5,3,3,6,4,12,2,2,1,5,5,6,8,0,3,3,2,,,,,,,,,,,,,,,,
Northern Territory,Australia,103,103,103,104,104,104,104,104,104,104,105,105,105,105,105,105,105,105,105,105,105,105,105,105,105,105,105,105,0,0,1,0,0,0,0,0,0,1,0,0,0,0,0,0,0,0,0,0,0,0,0,0,0,0,0,,,,,,,,,,,,,,,,
Queensland,Australia,1320,1320,1321,1321,1321,1323,1323,1323,1324,1328,1329,1329,1331,1335,1335,1342,1344,1347,1349,1356,1362,1367,1373,1375,1379,1380,1386,1388,0,1,0,0,2,0,0,1,4,1,0,2,4,0,7,2,3,2,7,6,5,6,2,4,1,6,2,,,,,,,,,,,,,,,,
South Australia,Australia,608,608,608,608,610,610,612,613,613,613,613,613,616,617,618,618,618,618,618,618,620,621,624,626,631,631,634,636,0,0,0,2,0,2,1,0,0,0,0,3,1,1,0,0,0,0,0,2,1,3,2,5,0,3,2,,,,,,,,,,,,,,,,
Tasmania,Australia,234,234,234,234,234,234,234,234,234,234,234,234,234,234,234,234,234,234,234,234,234,234,234,234,234,234,234,234,0,0,0,0,0,0,0,0,0,0,0,0,0,0,0,0,0,0,0,0,0,0,0,0,0,0,0,,,,,,,,,,,,,,,,
Victoria,Australia,20475,20476,20479,20479,20479,20479,20479,20479,20479,20481,20481,20481,20481,20481,20481,20481,20481,20482,20481,20482,20483,20483,20483,20483,20483,20483,20483,20483,1,3,0,0,0,0,0,0,2,0,0,0,0,0,0,0,1,-1,1,1,0,0,0,0,0,0,0,,,,,,,,,,,,,,,,
Western Australia,Australia,910,910,910,910,911,912,913,913,913,913,913,913,913,913,914,914,914,916,916,919,920,921,922,922,923,924,925,926,0,0,0,1,1,1,0,0,0,0,0,0,0,1,0,0,2,0,3,1,1,1,0,1,1,1,1,,,,,,,,,,,,,,,,
,Austria,436139,437874,439841,441659,443536,445374,446644,448371,450376,452767,454860,457317,459440,460849,462769,465322,467646,470314,472871,475070,476980,479391,481919,484916,488042,491065,493568,495464,1735,1967,1818,1877,1838,1270,1727,2005,2391,2093,2457,2123,1409,1920,2553,2324,2668,2557,2199,1910,2411,2528,2997,3126,3023,2503,1896,,,,,,,,,,,,,,,,
,Azerbaijan,232337,232491,232636,232829,232973,233129,233201,233424,233644,233770,233989,234267,234537,234662,235014,235333,235647,236012,236365,236768,236963,237260,237775,238383,238959,239692,240295,240671,154,145,193,144,156,72,223,220,126,219,278,270,125,352,319,314,365,353,403,195,297,515,608,576,733,603,376,,,,,,,,,,,,,,,,
,Bahamas,8383,8383,8403,8403,8403,8403,8471,8477,8496,8496,8519,8519,8519,8519,8519,8573,8573,8600,8600,8600,8600,8642,8642,8642,8658,8658,8658,8765,0,20,0,0,0,68,6,19,0,23,0,0,0,0,54,0,27,0,0,0,42,0,0,16,0,0,107,,,,,,,,,,,,,,,,
,Bahrain,114361,115057,115705,116482,117234,117809,118530,119205,119858,120495,121127,121778,122394,123039,123531,124269,124857,125514,126126,126602,127255,127800,128428,129081,129825,130404,131001,131683,696,648,777,752,575,721,675,653,637,632,651,616,645,492,738,588,657,612,476,653,545,628,653,744,579,597,682,,,,,,,,,,,,,,,,
,Bangladesh,541434,541877,542268,542674,543024,543351,543717,544116,544544,544954,545424,545831,546216,546801,547316,547930,548549,549184,549724,550330,551175,552087,553105,554156,555222,556236,557395,559168,443,391,406,350,327,366,399,428,410,470,407,385,585,515,614,619,635,540,606,845,912,1018,1051,1066,1014,1159,1773,,,,,,,,,,,,,,,,
,Barbados,2331,2457,2647,2677,2715,2772,2791,2852,2907,2949,2994,3038,3068,3115,3140,3163,3186,3217,3264,3285,3303,3333,3353,3372,3391,3404,3421,3442,126,190,30,38,57,19,61,55,42,45,44,30,47,25,23,23,31,47,21,18,30,20,19,19,13,17,21,,,,,,,,,,,,,,,,
,Belarus,270921,272273,273659,275322,276990,278312,279456,280428,281707,282898,284500,285959,287306,288267,289136,290447,291621,293103,294432,295511,296441,297514,298123,298960,300146,301328,302323,303270,1352,1386,1663,1668,1322,1144,972,1279,1191,1602,1459,1347,961,869,1311,1174,1482,1329,1079,930,1073,609,837,1186,1182,995,947,,,,,,,,,,,,,,,,
,Belgium,741205,743882,746302,749739,752379,754473,755594,757696,760809,763885,766654,769414,771511,772294,774344,777608,780251,783010,785809,787891,789008,791171,794605,798108,801723,805321,808283,809861,2677,2420,3437,2640,2094,1121,2102,3113,3076,2769,2760,2097,783,2050,3264,2643,2759,2799,2082,1117,2163,3434,3503,3615,3598,2962,1578,,,,,,,,,,,,,,,,
,Belize,12188,12195,12207,12227,12244,12244,12255,12264,12271,12280,12293,12293,12293,12313,12320,12328,12329,12335,12335,12335,12335,12345,12355,12359,12370,12370,12370,12383,7,12,20,17,0,11,9,7,9,13,0,0,20,7,8,1,6,0,0,0,10,10,4,11,0,0,13,,,,,,,,,,,,,,,,
,Benin,5039,5143,5143,5143,5143,5434,5434,5434,5434,5434,5434,5434,5434,5434,5434,6071,6071,6071,6071,6071,6338,6338,6501,6501,6501,6501,6501,6501,104,0,0,0,291,0,0,0,0,0,0,0,0,0,637,0,0,0,0,267,0,163,0,0,0,0,0,,,,,,,,,,,,,,,,
,Bhutan,866,866,866,866,866,866,866,867,867,867,867,867,867,867,867,867,867,867,868,868,868,868,868,868,868,868,868,868,0,0,0,0,0,0,1,0,0,0,0,0,0,0,0,0,0,1,0,0,0,0,0,0,0,0,0,,,,,,,,,,,,,,,,
,Bolivia,237706,238495,239524,240676,241771,242292,243176,244380,245719,246822,247891,248547,249010,249767,250557,251391,252360,253297,253950,254273,254736,255621,256462,257240,258324,259004,259389,260059,789,1029,1152,1095,521,884,1204,1339,1103,1069,656,463,757,790,834,969,937,653,323,463,885,841,778,1084,680,385,670,,,,,,,,,,,,,,,,
,Bosnia and Herzegovina,126413,126781,127135,127537,127537,127537,128661,129176,129753,130510,130979,130979,130979,130979,133088,133982,134892,135513,135513,135513,137291,138542,139652,140990,142160,142160,142160,144831,368,354,402,0,0,1124,515,577,757,469,0,0,0,2109,894,910,621,0,0,1778,1251,1110,1338,1170,0,0,2671,,,,,,,,,,,,,,,,
,Botswana,25802,25802,26524,26524,26524,26524,27721,27721,27721,28371,28371,28371,28371,30727,30727,30727,31746,31746,31746,31746,32912,32912,32912,34098,34098,34098,34098,34999,0,722,0,0,0,1197,0,0,650,0,0,0,2356,0,0,1019,0,0,0,1166,0,0,1186,0,0,0,901,,,,,,,,,,,,,,,,
,Brazil,9921981,9978747,10030626,10084208,10139148,10168174,10195160,10257875,10324463,10390461,10455630,10517232,10551259,10587001,10646926,10718630,10793732,10869227,10938836,11019344,11051665,11122429,11202305,11277717,11363380,11439558,11483370,11519609,56766,51879,53582,54940,29026,26986,62715,66588,65998,65169,61602,34027,35742,59925,71704,75102,75495,69609,80508,32321,70764,79876,75412,85663,76178,43812,36239,,,,,,,,,,,,,,,,
,Brunei,184,185,185,185,185,185,185,185,185,185,185,186,186,186,187,187,188,188,189,189,190,191,192,192,192,192,199,199,1,0,0,0,0,0,0,0,0,0,1,0,0,1,0,1,0,1,0,1,1,1,0,0,0,7,0,,,,,,,,,,,,,,,,
,Bulgaria,232096,233342,234428,235891,236439,236666,238591,240391,242124,243946,245627,246706,247038,249626,252029,253183,255381,258385,259811,260308,263303,266805,269579,272700,275859,277878,278557,283194,1246,1086,1463,548,227,1925,1800,1733,1822,1681,1079,332,2588,2403,1154,2198,3004,1426,497,2995,3502,2774,3121,3159,2019,679,4637,,,,,,,,,,,,,,,,
,Burkina Faso,11630,11672,11703,11763,11783,11797,11847,11868,11887,11914,11939,11982,11982,12030,12047,12071,12103,12123,12153,12181,12181,12187,12230,12275,12305,12350,12372,12378,42,31,60,20,14,50,21,19,27,25,43,0,48,17,24,32,20,30,28,0,6,43,45,30,45,22,6,,,,,,,,,,,,,,,,
,Burma,141659,141690,141709,141728,141735,141750,141761,141783,141816,141841,141875,141890,141896,141916,141965,141984,142000,142000,142023,142034,142045,142059,142073,142114,142122,142136,142147,142147,31,19,19,7,15,11,22,33,25,34,15,6,20,49,19,16,0,23,11,11,14,14,41,8,14,11,0,,,,,,,,,,,,,,,,
,Burundi,1855,1895,1928,1955,1983,2031,2034,2041,2069,2106,2143,2181,2209,2217,2224,2240,2268,2283,2299,2319,2334,2339,2369,2396,2420,2441,2461,2461,40,33,27,28,48,3,7,28,37,37,38,28,8,7,16,28,15,16,20,15,5,30,27,24,21,20,0,,,,,,,,,,,,,,,,
,Cabo Verde,14785,14848,14885,14948,14999,15048,15072,15089,15161,15201,15253,15324,15400,15432,15483,15558,15621,15683,15724,15782,15806,15826,15892,15932,15986,16035,16101,16120,63,37,63,51,49,24,17,72,40,52,71,76,32,51,75,63,62,41,58,24,20,66,40,54,49,66,19,,,,,,,,,,,,,,,,
,Cambodia,479,483,484,484,533,568,593,633,697,741,767,805,820,844,878,909,932,953,987,1011,1011,1124,1163,1225,1264,1305,1325,1325,4,1,0,49,35,25,40,64,44,26,38,15,24,34,31,23,21,34,24,0,113,39,62,39,41,20,0,,,,,,,,,,,,,,,,
,Cameroon,32098,32098,33749,33749,33749,33749,33749,33749,33749,35714,35714,35714,35714,35714,35714,35714,35714,35714,35714,35714,36794,36794,36794,40622,40622,40622,40622,40622,0,1651,0,0,0,0,0,0,1965,0,0,0,0,0,0,0,0,0,0,1080,0,0,3828,0,0,0,0,,,,,,,,,,,,,,,,
Alberta,Canada,129338,129615,130030,130355,130735,131063,131336,131603,132033,132432,132788,133203,133504,133795,134052,134454,134785,135196,135537,135837,136119,136374,136773,137137,137562,138036,138424,138788,277,415,325,380,328,273,267,430,399,356,415,301,291,257,402,331,411,341,300,282,255,399,364,425,474,388,364,,,,,,,,,,,,,,,,
British Columbia,Canada,74283,74710,75327,75835,75835,75835,77263,77822,78278,78673,79194,79194,79194,80672,81367,81909,82473,83107,83107,83107,84569,85119,85650,86219,86867,86867,86867,88373,427,617,508,0,0,1428,559,456,395,521,0,0,1478,695,542,564,634,0,0,1462,550,531,569,648,0,0,1506,,,,,,,,,,,,,,,,
Diamond Princess,Canada,0,0,0,0,0,0,0,0,0,0,0,0,0,0,0,0,0,0,0,0,0,0,0,0,0,0,0,0,0,0,0,0,0,0,0,0,0,0,0,0,0,0,0,0,0,0,0,0,0,0,0,0,0,0,0,,,,,,,,,,,,,,,,
Grand Princess,Canada,13,13,13,13,13,13,13,13,13,13,13,13,13,13,13,13,13,13,13,13,13,13,13,13,13,13,13,13,0,0,0,0,0,0,0,0,0,0,0,0,0,0,0,0,0,0,0,0,0,0,0,0,0,0,0,,,,,,,,,,,,,,,,
Manitoba,Canada,30932,31007,31145,31235,31329,31386,31483,31551,31590,31657,31721,31809,31859,31894,31950,32000,32051,32104,32170,32225,32288,32350,32421,32509,32607,32699,32743,32793,75,138,90,94,57,97,68,39,67,64,88,50,35,56,50,51,53,66,55,63,62,71,88,98,92,44,50,,,,,,,,,,,,,,,,
New Brunswick,Canada,1404,1407,1411,1417,1420,1424,1424,1424,1426,1427,1428,1430,1430,1431,1435,1438,1443,1447,1453,1455,1460,1460,1460,1462,1465,1465,1470,1471,3,4,6,3,4,0,0,2,1,1,2,0,1,4,3,5,4,6,2,5,0,0,2,3,0,5,1,,,,,,,,,,,,,,,,
Newfoundland and Labrador,Canada,711,755,803,863,901,926,940,955,963,973,977,981,988,989,994,997,1002,1003,1005,1006,1009,1010,1010,1011,1012,1012,1012,1012,44,48,60,38,25,14,15,8,10,4,4,7,1,5,3,5,1,2,1,3,1,0,1,1,0,0,0,,,,,,,,,,,,,,,,
Northwest Territories,Canada,43,47,47,47,47,47,47,47,47,47,47,47,47,47,47,47,47,47,47,47,47,47,47,47,47,47,47,47,4,0,0,0,0,0,0,0,0,0,0,0,0,0,0,0,0,0,0,0,0,0,0,0,0,0,0,,,,,,,,,,,,,,,,
Nova Scotia,Canada,1597,1600,1602,1604,1608,1609,1610,1613,1616,1624,1634,1638,1641,1642,1643,1646,1649,1651,1657,1659,1659,1664,1665,1665,1666,1670,1670,1670,3,2,2,4,1,1,3,3,8,10,4,3,1,1,3,3,2,6,2,0,5,1,0,1,4,0,0,,,,,,,,,,,,,,,,
Nunavut,Canada,323,324,330,332,338,339,351,351,351,355,356,356,357,358,359,359,369,373,377,381,381,381,381,381,381,383,383,383,1,6,2,6,1,12,0,0,4,1,0,1,1,1,0,10,4,4,4,0,0,0,0,0,2,0,0,,,,,,,,,,,,,,,,
Ontario,Canada,292735,293538,294697,295841,297011,298154,298800,300235,301379,302573,303815,304962,306057,307176,308091,309022,310165,311013,312447,313908,315460,316751,317905,319084,320494,322024,323526,324715,803,1159,1144,1170,1143,646,1435,1144,1194,1242,1147,1095,1119,915,931,1143,848,1434,1461,1552,1291,1154,1179,1410,1530,1502,1189,,,,,,,,,,,,,,,,
Prince Edward Island,Canada,114,114,114,114,114,114,114,115,115,115,120,120,132,132,136,136,136,136,136,136,141,143,143,143,143,143,143,143,0,0,0,0,0,0,1,0,0,5,0,12,0,4,0,0,0,0,0,5,2,0,0,0,0,0,0,,,,,,,,,,,,,,,,
Quebec,Canada,278187,278987,279887,280687,281456,282122,282927,283666,284472,285330,286145,287003,287740,288353,288941,289670,290377,291175,291924,292631,293210,293860,294652,295390,296143,296918,297592,298186,800,900,800,769,666,805,739,806,858,815,858,737,613,588,729,707,798,749,707,579,650,792,738,753,775,674,594,,,,,,,,,,,,,,,,
Repatriated Travellers,Canada,13,13,13,13,13,13,13,13,13,13,13,13,13,13,13,13,13,13,13,13,13,13,13,13,13,13,13,13,0,0,0,0,0,0,0,0,0,0,0,0,0,0,0,0,0,0,0,0,0,0,0,0,0,0,0,,,,,,,,,,,,,,,,
Saskatchewan,Canada,26829,26953,27099,27245,27438,27620,27797,27923,27980,28191,28344,28506,28647,28801,28938,29059,29220,29432,29593,29709,29806,29918,30029,30193,30369,30522,30620,30727,124,146,146,193,182,177,126,57,211,153,162,141,154,137,121,161,212,161,116,97,112,111,164,176,153,98,107,,,,,,,,,,,,,,,,
Yukon,Canada,72,72,72,72,72,72,72,72,72,72,72,72,72,72,72,72,72,72,72,72,72,72,72,72,72,72,72,72,0,0,0,0,0,0,0,0,0,0,0,0,0,0,0,0,0,0,0,0,0,0,0,0,0,0,0,,,,,,,,,,,,,,,,
,Central African Republic,4996,4997,4997,5001,5001,5001,5001,5001,5004,5004,5004,5004,5004,5004,5004,5004,5018,5018,5018,5021,5021,5023,5023,5023,5023,5023,5023,5023,1,0,4,0,0,0,0,3,0,0,0,0,0,0,0,14,0,0,3,0,2,0,0,0,0,0,0,,,,,,,,,,,,,,,,
,Chad,3689,3724,3751,3776,3794,3849,3868,3882,3904,3934,3957,3973,3973,3986,3999,4056,4089,4089,4161,4177,4193,4214,4231,4246,4274,4288,4309,4328,35,27,25,18,55,19,14,22,30,23,16,0,13,13,57,33,0,72,16,16,21,17,15,28,14,21,19,,,,,,,,,,,,,,,,
,Chile,782039,784314,788142,791939,795845,799460,803009,805317,807872,812344,816929,821418,824625,829770,832512,835552,840119,845450,850483,855785,860533,864064,867949,873512,879485,885379,891110,896231,2275,3828,3797,3906,3615,3549,2308,2555,4472,4585,4489,3207,5145,2742,3040,4567,5331,5033,5302,4748,3531,3885,5563,5973,5894,5731,5121,,,,,,,,,,,,,,,,
Anhui,China,994,994,994,994,994,994,994,994,994,994,994,994,994,994,994,994,994,994,994,994,994,994,994,994,994,994,994,994,0,0,0,0,0,0,0,0,0,0,0,0,0,0,0,0,0,0,0,0,0,0,0,0,0,0,0,,,,,,,,,,,,,,,,
Beijing,China,1046,1046,1046,1046,1046,1047,1047,1047,1047,1047,1047,1047,1049,1049,1049,1049,1049,1049,1049,1049,1049,1049,1049,1049,1049,1049,1049,1049,0,0,0,0,1,0,0,0,0,0,0,2,0,0,0,0,0,0,0,0,0,0,0,0,0,0,0,,,,,,,,,,,,,,,,
Chongqing,China,591,591,591,591,591,591,591,591,591,591,591,591,591,591,591,591,591,591,591,591,591,591,591,591,591,591,591,591,0,0,0,0,0,0,0,0,0,0,0,0,0,0,0,0,0,0,0,0,0,0,0,0,0,0,0,,,,,,,,,,,,,,,,
Fujian,China,548,548,548,548,548,549,549,549,549,549,549,551,551,551,551,551,551,551,551,552,552,552,553,553,553,555,556,556,0,0,0,0,1,0,0,0,0,0,2,0,0,0,0,0,0,0,1,0,0,1,0,0,2,1,0,,,,,,,,,,,,,,,,
Gansu,China,187,187,187,187,187,187,187,187,187,187,187,187,187,187,187,187,187,187,187,187,187,187,187,187,187,187,187,187,0,0,0,0,0,0,0,0,0,0,0,0,0,0,0,0,0,0,0,0,0,0,0,0,0,0,0,,,,,,,,,,,,,,,,
Guangdong,China,2177,2180,2180,2183,2184,2187,2196,2196,2198,2200,2205,2206,2212,2215,2218,2221,2222,2225,2229,2233,2235,2236,2238,2240,2243,2244,2245,2245,3,0,3,1,3,9,0,2,2,5,1,6,3,3,3,1,3,4,4,2,1,2,2,3,1,1,0,,,,,,,,,,,,,,,,
Guangxi,China,267,267,267,267,267,267,267,267,267,267,267,267,267,267,267,267,267,267,267,267,267,267,267,267,267,267,267,267,0,0,0,0,0,0,0,0,0,0,0,0,0,0,0,0,0,0,0,0,0,0,0,0,0,0,0,,,,,,,,,,,,,,,,
Guizhou,China,147,147,147,147,147,147,147,147,147,147,147,147,147,147,147,147,147,147,147,147,147,147,147,147,147,147,147,147,0,0,0,0,0,0,0,0,0,0,0,0,0,0,0,0,0,0,0,0,0,0,0,0,0,0,0,,,,,,,,,,,,,,,,
Hainan,China,171,171,171,171,171,171,171,171,171,171,171,171,171,171,171,171,171,171,171,171,171,171,171,171,171,171,171,171,0,0,0,0,0,0,0,0,0,0,0,0,0,0,0,0,0,0,0,0,0,0,0,0,0,0,0,,,,,,,,,,,,,,,,
Hebei,China,1317,1317,1317,1317,1317,1317,1317,1317,1317,1317,1317,1317,1317,1317,1317,1317,1317,1317,1317,1317,1317,1317,1317,1317,1317,1317,1317,1317,0,0,0,0,0,0,0,0,0,0,0,0,0,0,0,0,0,0,0,0,0,0,0,0,0,0,0,,,,,,,,,,,,,,,,
Heilongjiang,China,1609,1610,1610,1610,1610,1610,1610,1610,1610,1610,1610,1610,1610,1610,1610,1610,1610,1610,1610,1610,1610,1610,1610,1610,1610,1610,1610,1610,1,0,0,0,0,0,0,0,0,0,0,0,0,0,0,0,0,0,0,0,0,0,0,0,0,0,0,,,,,,,,,,,,,,,,
Henan,China,1304,1304,1304,1304,1304,1304,1304,1304,1304,1304,1304,1304,1304,1305,1305,1305,1305,1305,1305,1307,1307,1308,1308,1309,1309,1309,1309,1309,0,0,0,0,0,0,0,0,0,0,0,0,1,0,0,0,0,0,2,0,1,0,1,0,0,0,0,,,,,,,,,,,,,,,,
Hong Kong,China,10796,10812,10820,10833,10848,10868,10884,10896,10913,10926,10950,10983,11005,11019,11032,11046,11055,11066,11074,11090,11099,11120,11128,11150,11210,11257,11281,11311,16,8,13,15,20,16,12,17,13,24,33,22,14,13,14,9,11,8,16,9,21,8,22,60,47,24,30,,,,,,,,,,,,,,,,
Hubei,China,68150,68151,68151,68151,68151,68151,68151,68151,68151,68151,68151,68151,68151,68151,68151,68151,68151,68151,68151,68151,68151,68151,68151,68151,68151,68151,68151,68151,1,0,0,0,0,0,0,0,0,0,0,0,0,0,0,0,0,0,0,0,0,0,0,0,0,0,0,,,,,,,,,,,,,,,,
Hunan,China,1033,1033,1034,1035,1035,1036,1036,1036,1036,1036,1036,1036,1036,1036,1036,1036,1037,1037,1037,1037,1037,1037,1037,1037,1038,1038,1038,1038,0,1,1,0,1,0,0,0,0,0,0,0,0,0,0,1,0,0,0,0,0,0,0,1,0,0,0,,,,,,,,,,,,,,,,
Inner Mongolia,China,367,367,367,367,367,367,367,367,367,367,367,367,367,367,367,367,367,367,367,368,368,368,368,368,368,369,369,369,0,0,0,0,0,0,0,0,0,0,0,0,0,0,0,0,0,0,1,0,0,0,0,0,1,0,0,,,,,,,,,,,,,,,,
Jiangsu,China,703,703,703,703,703,703,703,704,704,704,704,704,704,704,704,704,704,704,704,705,705,705,705,705,705,706,706,707,0,0,0,0,0,0,1,0,0,0,0,0,0,0,0,0,0,0,1,0,0,0,0,0,1,0,1,,,,,,,,,,,,,,,,
Jiangxi,China,935,935,935,935,935,935,935,935,935,935,935,935,935,935,935,935,935,935,935,935,935,935,935,935,935,935,935,935,0,0,0,0,0,0,0,0,0,0,0,0,0,0,0,0,0,0,0,0,0,0,0,0,0,0,0,,,,,,,,,,,,,,,,
Jilin,China,573,573,573,573,573,573,573,573,573,573,573,573,573,573,573,573,573,573,573,573,573,573,573,573,573,573,573,573,0,0,0,0,0,0,0,0,0,0,0,0,0,0,0,0,0,0,0,0,0,0,0,0,0,0,0,,,,,,,,,,,,,,,,
Liaoning,China,404,404,404,405,406,406,406,406,406,406,406,406,406,406,406,406,406,406,406,406,406,406,406,406,406,406,406,406,0,0,1,1,0,0,0,0,0,0,0,0,0,0,0,0,0,0,0,0,0,0,0,0,0,0,0,,,,,,,,,,,,,,,,
Macau,China,48,48,48,48,48,48,48,48,48,48,48,48,48,48,48,48,48,48,48,48,48,48,48,48,48,48,48,48,0,0,0,0,0,0,0,0,0,0,0,0,0,0,0,0,0,0,0,0,0,0,0,0,0,0,0,,,,,,,,,,,,,,,,
Ningxia,China,75,75,75,75,75,75,75,75,75,75,75,75,75,75,75,75,75,75,75,75,75,75,75,75,75,75,75,75,0,0,0,0,0,0,0,0,0,0,0,0,0,0,0,0,0,0,0,0,0,0,0,0,0,0,0,,,,,,,,,,,,,,,,
Qinghai,China,18,18,18,18,18,18,18,18,18,18,18,18,18,18,18,18,18,18,18,18,18,18,18,18,18,18,18,18,0,0,0,0,0,0,0,0,0,0,0,0,0,0,0,0,0,0,0,0,0,0,0,0,0,0,0,,,,,,,,,,,,,,,,
Shaanxi,China,547,547,547,547,547,547,547,549,549,549,551,551,551,552,553,553,553,553,555,557,557,558,558,559,559,560,561,561,0,0,0,0,0,0,2,0,0,2,0,0,1,1,0,0,0,2,2,0,1,0,1,0,1,1,0,,,,,,,,,,,,,,,,
Shandong,China,867,867,867,867,867,867,867,868,869,869,869,869,869,869,869,869,869,869,869,869,869,869,869,869,869,869,869,869,0,0,0,0,0,0,1,1,0,0,0,0,0,0,0,0,0,0,0,0,0,0,0,0,0,0,0,,,,,,,,,,,,,,,,
Shanghai,China,1765,1769,1776,1778,1781,1783,1783,1786,1789,1793,1794,1794,1796,1797,1797,1802,1808,1809,1811,1816,1818,1820,1825,1828,1830,1834,1835,1840,4,7,2,3,2,0,3,3,4,1,0,2,1,0,5,6,1,2,5,2,2,5,3,2,4,1,5,,,,,,,,,,,,,,,,
Shanxi,China,239,239,239,239,239,239,240,240,240,240,240,240,240,240,240,240,240,240,240,241,241,241,241,241,241,241,241,241,0,0,0,0,0,1,0,0,0,0,0,0,0,0,0,0,0,0,1,0,0,0,0,0,0,0,0,,,,,,,,,,,,,,,,
Sichuan,China,880,882,882,883,885,887,887,889,890,890,891,891,900,904,909,910,910,911,918,920,924,924,927,929,929,929,929,935,2,0,1,2,2,0,2,1,0,1,0,9,4,5,1,0,1,7,2,4,0,3,2,0,0,0,6,,,,,,,,,,,,,,,,
Tianjin,China,349,349,351,351,351,352,352,353,354,354,355,356,356,357,357,357,358,361,361,361,361,361,361,361,362,362,363,364,0,2,0,0,1,0,1,1,0,1,1,0,1,0,0,1,3,0,0,0,0,0,0,1,0,1,1,,,,,,,,,,,,,,,,
Tibet,China,1,1,1,1,1,1,1,1,1,1,1,1,1,1,1,1,1,1,1,1,1,1,1,1,1,1,1,1,0,0,0,0,0,0,0,0,0,0,0,0,0,0,0,0,0,0,0,0,0,0,0,0,0,0,0,,,,,,,,,,,,,,,,
Xinjiang,China,980,980,980,980,980,980,980,980,980,980,980,980,980,980,980,980,980,980,980,980,980,980,980,980,980,980,980,980,0,0,0,0,0,0,0,0,0,0,0,0,0,0,0,0,0,0,0,0,0,0,0,0,0,0,0,,,,,,,,,,,,,,,,
Yunnan,China,231,231,231,231,231,231,231,231,231,231,231,233,233,233,234,234,234,234,234,234,234,234,234,234,234,234,234,234,0,0,0,0,0,0,0,0,0,0,2,0,0,1,0,0,0,0,0,0,0,0,0,0,0,0,0,,,,,,,,,,,,,,,,
Zhejiang,China,1320,1320,1320,1320,1320,1320,1320,1321,1321,1321,1321,1321,1321,1321,1321,1322,1322,1322,1322,1322,1322,1322,1322,1322,1322,1322,1322,1322,0,0,0,0,0,0,1,0,0,0,0,0,0,0,1,0,0,0,0,0,0,0,0,0,0,0,0,,,,,,,,,,,,,,,,
,Colombia,2202598,2207701,2212525,2217001,2222018,2226262,2229663,2233589,2237542,2241225,2244792,2248135,2251690,2255260,2259599,2262646,2266211,2269582,2273245,2276656,2278861,2282372,2285960,2290539,2294617,2299082,2303144,2305884,5103,4824,4476,5017,4244,3401,3926,3953,3683,3567,3343,3555,3570,4339,3047,3565,3371,3663,3411,2205,3511,3588,4579,4078,4465,4062,2740,,,,,,,,,,,,,,,,
,Comoros,3393,3413,3458,3473,3490,3502,3518,3522,3539,3552,3558,3571,3571,3578,3578,3580,3580,3587,3596,3596,3606,3606,3611,3615,3618,3626,3635,3646,20,45,15,17,12,16,4,17,13,6,13,0,7,0,2,0,7,9,0,10,0,5,4,3,8,9,11,,,,,,,,,,,,,,,,
,Congo (Brazzaville),8419,8419,8419,8419,8419,8625,8625,8625,8820,8820,8820,8820,8820,8820,8820,8820,9179,9179,9179,9179,9179,9179,9329,9329,9329,9329,9329,9329,0,0,0,0,206,0,0,195,0,0,0,0,0,0,0,359,0,0,0,0,0,150,0,0,0,0,0,,,,,,,,,,,,,,,,
,Congo (Kinshasa),24423,24602,24794,24964,25080,25080,25144,25144,25144,25144,25691,25792,25913,25962,26050,26247,26340,26340,26469,26541,26627,26684,26738,26759,26846,26938,27014,27077,179,192,170,116,0,64,0,0,0,547,101,121,49,88,197,93,0,129,72,86,57,54,21,87,92,76,63,,,,,,,,,,,,,,,,
,Costa Rica,200454,200888,201241,201678,201678,201678,202674,203097,203496,203914,204341,204341,204341,205086,205514,205890,206293,206640,206640,206640,206640,207832,207832,207832,209093,209093,209093,209093,434,353,437,0,0,996,423,399,418,427,0,0,745,428,376,403,347,0,0,0,1192,0,0,1261,0,0,0,,,,,,,,,,,,,,,,
,Cote d'Ivoire,31365,31497,31612,31825,31914,32026,32039,32124,32295,32295,32478,32631,32754,32791,32929,33285,33976,34412,34935,35187,35331,35477,36028,36511,36824,37304,37653,37908,132,115,213,89,112,13,85,171,0,183,153,123,37,138,356,691,436,523,252,144,146,551,483,313,480,349,255,,,,,,,,,,,,,,,,
,Croatia,237999,238501,238866,239254,239685,239945,240017,240360,241048,241592,242097,242617,242973,243064,243458,244205,244872,245462,246120,246514,246608,247099,248061,248838,249661,250484,251045,251174,502,365,388,431,260,72,343,688,544,505,520,356,91,394,747,667,590,658,394,94,491,962,777,823,823,561,129,,,,,,,,,,,,,,,,
,Cuba,39941,40765,41688,42547,43484,44523,45361,46197,46896,47566,48441,49161,49779,50590,51587,52501,53308,54085,54835,55693,56566,57607,58379,59157,59919,60558,61472,62206,824,923,859,937,1039,838,836,699,670,875,720,618,811,997,914,807,777,750,858,873,1041,772,778,762,639,914,734,,,,,,,,,,,,,,,,
,Cyprus,32707,32828,32935,33046,33153,33260,33391,33567,33710,33909,34181,34424,34707,35009,35297,35620,36004,36277,36575,36878,37230,37650,38065,38496,38879,39277,39651,39869,121,107,111,107,107,131,176,143,199,272,243,283,302,288,323,384,273,298,303,352,420,415,431,383,398,374,218,,,,,,,,,,,,,,,,
,Czechia,1099654,1112322,1123252,1134957,1146321,1153159,1157180,1168491,1184352,1198168,1212780,1227595,1235480,1240051,1252242,1269058,1284288,1299002,1312164,1321331,1325291,1335815,1351195,1365724,1376998,1392108,1399078,1402420,12668,10930,11705,11364,6838,4021,11311,15861,13816,14612,14815,7885,4571,12191,16816,15230,14714,13162,9167,3960,10524,15380,14529,11274,15110,6970,3342,,,,,,,,,,,,,,,,
Faroe Islands,Denmark,658,658,658,658,658,658,658,658,658,658,658,658,658,658,658,658,658,658,658,658,660,660,660,660,660,660,661,661,0,0,0,0,0,0,0,0,0,0,0,0,0,0,0,0,0,0,0,2,0,0,0,0,0,1,0,,,,,,,,,,,,,,,,
Greenland,Denmark,30,30,30,30,30,30,30,30,30,30,30,30,30,30,30,30,31,31,31,31,31,31,31,31,31,31,31,31,0,0,0,0,0,0,0,0,0,0,0,0,0,0,0,1,0,0,0,0,0,0,0,0,0,0,0,,,,,,,,,,,,,,,,
,Denmark,205183,205597,206065,206617,207081,207577,208027,208556,209079,209682,210212,210732,211195,211692,212224,212798,213318,213932,214326,214839,215264,215791,217798,218660,219305,219918,220459,221071,414,468,552,464,496,450,529,523,603,530,520,463,497,532,574,520,614,394,513,425,527,2007,862,645,613,541,612,,,,,,,,,,,,,,,,
,Diamond Princess,712,712,712,712,712,712,712,712,712,712,712,712,712,712,712,712,712,712,712,712,712,712,712,712,712,712,712,712,0,0,0,0,0,0,0,0,0,0,0,0,0,0,0,0,0,0,0,0,0,0,0,0,0,0,0,,,,,,,,,,,,,,,,
,Djibouti,5981,6006,6008,6022,6022,6024,6026,6052,6052,6060,6062,6065,6066,6087,6089,6102,6110,6130,6134,6146,6157,6181,6227,6234,6236,6252,6268,6294,25,2,14,0,2,2,26,0,8,2,3,1,21,2,13,8,20,4,12,11,24,46,7,2,16,16,26,,,,,,,,,,,,,,,,
,Dominica,134,134,134,134,134,134,134,141,141,142,142,142,142,142,144,144,144,144,144,144,144,151,151,151,156,156,156,156,0,0,0,0,0,0,7,0,1,0,0,0,0,2,0,0,0,0,0,0,7,0,0,5,0,0,0,,,,,,,,,,,,,,,,
,Dominican Republic,231095,231737,232780,233598,234502,235462,235882,236210,236883,237629,238205,239009,239617,239998,240201,240773,241392,242087,242660,243247,243526,243778,244168,244923,245452,245616,246045,246299,642,1043,818,904,960,420,328,673,746,576,804,608,381,203,572,619,695,573,587,279,252,390,755,529,164,429,254,,,,,,,,,,,,,,,,
,Ecuador,268073,268219,269860,271276,273097,274673,274968,275780,278779,281169,282599,284347,286155,286367,286725,289472,289735,291070,292943,294503,294618,295114,296841,297957,299216,300666,302221,302498,146,1641,1416,1821,1576,295,812,2999,2390,1430,1748,1808,212,358,2747,263,1335,1873,1560,115,496,1727,1116,1259,1450,1555,277,,,,,,,,,,,,,,,,
,Egypt,175059,175677,176333,176943,177543,178151,178774,179407,180051,180640,181241,181829,182424,183010,183591,184168,184755,185334,185922,186503,187094,187716,188361,189000,189639,190280,190924,191555,618,656,610,600,608,623,633,644,589,601,588,595,586,581,577,587,579,588,581,591,622,645,639,639,641,644,631,,,,,,,,,,,,,,,,
,El Salvador,58023,58023,58546,58546,58546,58546,59235,59235,59235,59235,59866,59866,59866,59866,60491,60491,60800,60800,60800,60800,60800,61539,61677,61814,61947,62086,62086,62377,0,523,0,0,0,689,0,0,0,631,0,0,0,625,0,309,0,0,0,0,739,138,137,133,139,0,291,,,,,,,,,,,,,,,,
,Equatorial Guinea,5694,5694,5747,5747,5798,5798,5798,5852,5852,5852,5957,6005,6005,6095,6095,6210,6210,6210,6329,6329,6371,6371,6371,6456,6456,6562,6562,6562,0,53,0,51,0,0,54,0,0,105,48,0,90,0,115,0,0,119,0,42,0,0,85,0,106,0,0,,,,,,,,,,,,,,,,
,Eritrea,2566,2627,2675,2685,2685,2685,2703,2773,2789,2826,2847,2847,2847,2866,2884,2892,2913,2922,2944,2944,2944,2944,2988,3009,3038,3038,3038,3055,61,48,10,0,0,18,70,16,37,21,0,0,19,18,8,21,9,22,0,0,0,44,21,29,0,0,17,,,,,,,,,,,,,,,,
,Estonia,53444,54300,55295,56246,57033,57616,58445,59407,60475,61627,62830,64399,65600,66628,67739,69193,70610,72144,73684,75003,76183,77491,78973,80929,82286,83872,84807,86086,856,995,951,787,583,829,962,1068,1152,1203,1569,1201,1028,1111,1454,1417,1534,1540,1319,1180,1308,1482,1956,1357,1586,935,1279,,,,,,,,,,,,,,,,
,Eswatini,16606,16673,16709,16742,16764,16789,16807,16839,16897,16946,16972,17002,17014,17025,17086,17103,17129,17155,17173,17184,17188,17191,17203,17215,17225,17234,17237,17239,67,36,33,22,25,18,32,58,49,26,30,12,11,61,17,26,26,18,11,4,3,12,12,10,9,3,2,,,,,,,,,,,,,,,,
,Ethiopia,148490,149308,150179,151016,151857,152806,153541,154257,155234,156112,157047,158053,159072,159972,160813,161974,162954,164073,165029,166138,167133,168335,169878,171210,172571,174054,175467,176618,818,871,837,841,949,735,716,977,878,935,1006,1019,900,841,1161,980,1119,956,1109,995,1202,1543,1332,1361,1483,1413,1151,,,,,,,,,,,,,,,,
,Fiji,56,56,56,56,56,56,56,56,57,57,59,59,59,59,59,63,63,63,63,63,66,66,66,66,66,66,66,66,0,0,0,0,0,0,0,1,0,2,0,0,0,0,4,0,0,0,0,3,0,0,0,0,0,0,0,,,,,,,,,,,,,,,,
,Finland,51047,51595,52209,52653,53285,53742,54132,54532,55122,55687,56407,57052,57672,58064,58645,59442,60200,60904,61552,62063,62522,63110,63889,64609,65315,66006,66869,67334,548,614,444,632,457,390,400,590,565,720,645,620,392,581,797,758,704,648,511,459,588,779,720,706,691,863,465,,,,,,,,,,,,,,,,
French Guiana,France,16456,16456,16456,16456,16529,16529,16529,16529,16529,16529,16529,16627,16627,16627,16627,16627,16627,16627,16693,16693,16693,16693,16693,16693,16693,16764,16764,16764,0,0,0,73,0,0,0,0,0,0,98,0,0,0,0,0,0,66,0,0,0,0,0,0,71,0,0,,,,,,,,,,,,,,,,
French Polynesia,France,18299,18321,18335,18346,18346,18346,18354,18362,18370,18379,18387,18387,18387,18414,18429,18452,18459,18459,18459,18459,18482,18495,18509,18517,18527,18527,18527,18546,22,14,11,0,0,8,8,8,9,8,0,0,27,15,23,7,0,0,0,23,13,14,8,10,0,0,19,,,,,,,,,,,,,,,,
Guadeloupe,France,9351,9455,9455,9455,9455,9455,9455,9610,9610,9610,9610,9968,9968,9968,9968,9968,9968,9968,10458,10458,10458,10458,10458,10458,10458,10458,10725,10725,104,0,0,0,0,0,155,0,0,0,358,0,0,0,0,0,0,490,0,0,0,0,0,0,0,267,0,,,,,,,,,,,,,,,,
Martinique,France,6553,6593,6593,6593,6593,6593,6593,6646,6646,6646,6646,6746,6746,6746,6746,6746,6746,6746,6886,6886,6886,6886,6886,6886,6886,6886,7037,7037,40,0,0,0,0,0,53,0,0,0,100,0,0,0,0,0,0,140,0,0,0,0,0,0,0,151,0,,,,,,,,,,,,,,,,
Mayotte,France,13670,14037,14481,14492,15365,15792,15792,16349,16638,16638,16861,16861,16861,17600,17600,17600,17600,18140,18140,18140,18315,18413,18413,18604,18604,18642,18642,18845,367,444,11,873,427,0,557,289,0,223,0,0,739,0,0,0,540,0,0,175,98,0,191,0,38,0,203,,,,,,,,,,,,,,,,
New Caledonia,France,52,52,55,55,55,55,55,55,55,57,58,58,58,58,58,58,58,58,58,67,67,70,74,81,88,91,93,93,0,3,0,0,0,0,0,0,2,1,0,0,0,0,0,0,0,0,9,0,3,4,7,7,3,2,0,,,,,,,,,,,,,,,,
Reunion,France,10907,10907,11562,11562,11562,11562,11562,11562,11562,12416,12416,12416,12416,12416,12416,13125,13125,13125,13125,13125,13125,13125,13125,13801,13801,13801,13801,13801,0,655,0,0,0,0,0,0,854,0,0,0,0,0,709,0,0,0,0,0,0,0,676,0,0,0,0,,,,,,,,,,,,,,,,
Saint Barthelemy,France,455,512,512,512,512,512,512,573,573,573,573,573,573,573,573,638,638,638,638,638,638,638,638,638,712,712,712,712,57,0,0,0,0,0,61,0,0,0,0,0,0,0,65,0,0,0,0,0,0,0,0,74,0,0,0,,,,,,,,,,,,,,,,
Saint Pierre and Miquelon,France,24,24,24,24,24,24,24,24,24,24,24,24,24,24,24,24,24,24,24,24,24,24,24,24,24,24,24,24,0,0,0,0,0,0,0,0,0,0,0,0,0,0,0,0,0,0,0,0,0,0,0,0,0,0,0,,,,,,,,,,,,,,,,
St Martin,France,1408,1497,1497,1497,1497,1497,1497,1544,1544,1544,1544,1544,1544,1544,1544,1571,1571,1571,1571,1571,1571,1571,1571,1571,1602,1602,1602,1602,89,0,0,0,0,0,47,0,0,0,0,0,0,0,27,0,0,0,0,0,0,0,0,31,0,0,0,,,,,,,,,,,,,,,,
Wallis and Futuna,France,9,9,9,9,9,9,9,9,9,9,9,9,9,9,9,9,9,9,9,10,19,19,48,129,146,176,178,186,0,0,0,0,0,0,0,0,0,0,0,0,0,0,0,0,0,0,1,9,0,29,81,17,30,2,8,,,,,,,,,,,,,,,,
,France,3471268,3495775,3517177,3541282,3562707,3584326,3588972,3608271,3639501,3664050,3689034,3712474,3732426,3736390,3759247,3785326,3810605,3833572,3856182,3878007,3883334,3906363,3935990,3963156,3988194,4017844,4043769,4043769,24507,21402,24105,21425,21619,4646,19299,31230,24549,24984,23440,19952,3964,22857,26079,25279,22967,22610,21825,5327,23029,29627,27166,25038,29650,25925,0,,,,,,,,,,,,,,,,
,Gabon,12865,13107,13107,13553,13553,13553,13884,13884,14234,14234,14564,14564,14564,14849,14849,15254,15254,15254,15625,15625,16015,16015,16313,16313,16660,16660,16660,16945,242,0,446,0,0,331,0,350,0,330,0,0,285,0,405,0,0,371,0,390,0,298,0,347,0,0,285,,,,,,,,,,,,,,,,
,Gambia,4469,4469,4510,4543,4554,4554,4554,4612,4640,4671,4691,4691,4712,4712,4712,4735,4759,4759,4759,4759,4792,4792,4792,4792,4939,4985,4985,5019,0,41,33,11,0,0,58,28,31,20,0,21,0,0,23,24,0,0,0,33,0,0,0,147,46,0,34,,,,,,,,,,,,,,,,
,Georgia,266462,266948,267313,267701,268097,268355,268502,268995,269438,269800,270137,270510,270758,270918,271379,271739,271872,272262,272617,272851,272998,273137,273650,274045,274377,274721,274989,275148,486,365,388,396,258,147,493,443,362,337,373,248,160,461,360,133,390,355,234,147,139,513,395,332,344,268,159,,,,,,,,,,,,,,,,
,Germany,2352766,2362364,2372209,2381259,2388421,2394515,2399499,2405263,2416037,2427069,2436506,2444177,2450295,2455569,2462061,2472913,2484306,2493887,2502151,2508655,2513784,2520618,2541781,2546526,2559296,2569864,2578842,2585385,9598,9845,9050,7162,6094,4984,5764,10774,11032,9437,7671,6118,5274,6492,10852,11393,9581,8264,6504,5129,6834,21163,4745,12770,10568,8978,6543,,,,,,,,,,,,,,,,
,Ghana,77046,78271,78689,79165,79655,80253,80759,80759,81245,81673,82586,82586,84023,84023,84023,84349,85239,85239,86092,86465,86465,86737,86737,86737,86737,87480,87762,87985,1225,418,476,490,598,506,0,486,428,913,0,1437,0,0,326,890,0,853,373,0,272,0,0,0,743,282,223,,,,,,,,,,,,,,,,
,Greece,173905,174659,176059,177494,178918,179802,180672,182783,184686,186469,188201,189831,191100,192270,194582,197279,199496,201677,203978,205120,206281,209462,212091,214661,217018,219521,221147,222281,754,1400,1435,1424,884,870,2111,1903,1783,1732,1630,1269,1170,2312,2697,2217,2181,2301,1142,1161,3181,2629,2570,2357,2503,1626,1134,,,,,,,,,,,,,,,,
,Grenada,148,148,148,148,148,148,148,148,148,148,148,148,148,148,148,148,148,148,148,148,148,148,148,148,148,148,148,154,0,0,0,0,0,0,0,0,0,0,0,0,0,0,0,0,0,0,0,0,0,0,0,0,0,0,6,,,,,,,,,,,,,,,,
,Guatemala,168103,168880,169610,170275,170931,171170,171289,172072,172764,173142,173814,174335,174542,174653,175411,176250,176876,177716,178337,178560,178770,179563,180393,181143,181974,182679,182881,183014,777,730,665,656,239,119,783,692,378,672,521,207,111,758,839,626,840,621,223,210,793,830,750,831,705,202,133,,,,,,,,,,,,,,,,
,Guinea,15020,15088,15154,15216,15395,15395,15427,15487,15680,15789,15894,15894,15992,16005,16081,16291,16420,16420,16540,16670,16912,16912,17208,17372,17592,17592,17742,17851,68,66,62,179,0,32,60,193,109,105,0,98,13,76,210,129,0,120,130,242,0,296,164,220,0,150,109,,,,,,,,,,,,,,,,
,Guinea-Bissau,2950,2999,3025,3064,3091,3115,3115,3156,3171,3215,3241,3247,3262,3262,3271,3282,3301,3303,3312,3312,3312,3319,3327,3380,3398,3436,3447,3447,49,26,39,27,24,0,41,15,44,26,6,15,0,9,11,19,2,9,0,0,7,8,53,18,38,11,0,,,,,,,,,,,,,,,,
,Guyana,8262,8313,8338,8357,8399,8420,8427,8452,8457,8485,8513,8550,8585,8595,8626,8648,8699,8729,8772,8807,8814,8847,8928,8993,9069,9121,9160,9187,51,25,19,42,21,7,25,5,28,28,37,35,10,31,22,51,30,43,35,7,33,81,65,76,52,39,27,,,,,,,,,,,,,,,,
,Haiti,12192,12206,12206,12206,12254,12274,12309,12309,12352,12352,12352,12430,12430,12448,12493,12531,12536,12536,12536,12536,12536,12536,12594,12594,12632,12632,12632,12632,14,0,0,48,20,35,0,43,0,0,78,0,18,45,38,5,0,0,0,0,0,58,0,38,0,0,0,,,,,,,,,,,,,,,,
,Holy See,27,27,27,27,27,27,27,27,27,27,27,27,27,27,27,27,27,27,27,27,27,27,27,27,27,27,27,27,0,0,0,0,0,0,0,0,0,0,0,0,0,0,0,0,0,0,0,0,0,0,0,0,0,0,0,,,,,,,,,,,,,,,,
,Honduras,161727,162584,163305,164077,164495,165095,165737,166547,167494,168243,168911,169754,170304,170985,171758,172100,172577,172577,173020,173729,174243,174508,175442,176427,177168,177832,178277,178925,857,721,772,418,600,642,810,947,749,668,843,550,681,773,342,477,0,443,709,514,265,934,985,741,664,445,648,,,,,,,,,,,,,,,,
,Hungary,389622,391170,394023,397116,400111,403023,405646,407274,410129,414514,419182,424130,428599,432925,435689,439900,446178,452547,459816,466017,468713,475207,480860,489172,498183,507627,516490,524196,1548,2853,3093,2995,2912,2623,1628,2855,4385,4668,4948,4469,4326,2764,4211,6278,6369,7269,6201,2696,6494,5653,8312,9011,9444,8863,7706,,,,,,,,,,,,,,,,
,Iceland,6039,6044,6044,6045,6045,6045,6049,6049,6049,6049,6049,6049,6049,6054,6055,6058,6058,6059,6059,6059,6064,6067,6069,6070,6072,6072,6072,6083,5,0,1,0,0,4,0,0,0,0,0,0,5,1,3,0,1,0,0,5,3,2,1,2,0,0,11,,,,,,,,,,,,,,,,
,India,10937320,10950201,10963394,10977387,10991651,11005850,11016434,11030176,11046914,11063491,11079979,11096731,11112241,11124527,11139516,11156923,11173761,11192045,11210799,11229398,11244786,11262707,11285561,11308846,11333728,11359048,11385339,11409831,12881,13193,13993,14264,14199,10584,13742,16738,16577,16488,16752,15510,12286,14989,17407,16838,18284,18754,18599,15388,17921,22854,23285,24882,25320,26291,24492,,,,,,,,,,,,,,,,
,Indonesia,1233959,1243646,1252685,1263299,1271353,1278653,1288833,1298608,1306141,1314634,1322866,1329074,1334634,1341314,1347026,1353834,1361098,1368069,1373836,1379662,1386556,1392945,1398578,1403722,1410134,1414741,1419455,1425044,9687,9039,10614,8054,7300,10180,9775,7533,8493,8232,6208,5560,6680,5712,6808,7264,6971,5767,5826,6894,6389,5633,5144,6412,4607,4714,5589,,,,,,,,,,,,,,,,
,Iran,1534034,1542076,1550142,1558159,1566081,1574012,1582275,1590605,1598875,1607081,1615184,1623159,1631169,1639679,1648174,1656699,1665103,1673470,1681682,1689692,1698005,1706559,1715162,1723470,1731558,1739360,1746953,1754933,8042,8066,8017,7922,7931,8263,8330,8270,8206,8103,7975,8010,8510,8495,8525,8404,8367,8212,8010,8313,8554,8603,8308,8088,7802,7593,7980,,,,,,,,,,,,,,,,
,Iraq,649982,653557,657453,661477,664750,667937,671801,675982,680288,684362,688698,692241,695489,699088,703778,708951,713994,719121,723189,726548,731016,735626,740472,745642,750264,754318,758184,763085,3575,3896,4024,3273,3187,3864,4181,4306,4074,4336,3543,3248,3599,4690,5173,5043,5127,4068,3359,4468,4610,4846,5170,4622,4054,3866,4901,,,,,,,,,,,,,,,,
,Ireland,211113,211751,212647,213400,214378,215057,215743,216300,216840,217478,218251,218980,219592,220273,220630,221189,221649,222169,222699,223219,223651,223957,224588,225179,225820,226358,226741,227316,638,896,753,978,679,686,557,540,638,773,729,612,681,357,559,460,520,530,520,432,306,631,591,641,538,383,575,,,,,,,,,,,,,,,,
,Israel,734575,738629,741934,744513,744513,750043,754998,759572,763756,767726,770780,773335,775807,779958,785218,789485,793407,796465,799727,801575,805116,808262,811492,814250,816198,817799,818977,820913,4054,3305,2579,0,5530,4955,4574,4184,3970,3054,2555,2472,4151,5260,4267,3922,3058,3262,1848,3541,3146,3230,2758,1948,1601,1178,1936,,,,,,,,,,,,,,,,
,Italy,2739591,2751657,2765412,2780882,2795796,2809246,2818863,2832162,2848564,2868435,2888923,2907825,2925265,2938371,2955434,2976274,2999119,3023129,3046762,3067486,3081368,3101093,3123368,3149017,3175807,3201838,3223142,3238394,12066,13755,15470,14914,13450,9617,13299,16402,19871,20488,18902,17440,13106,17063,20840,22845,24010,23633,20724,13882,19725,22275,25649,26790,26031,21304,15252,,,,,,,,,,,,,,,,
,Jamaica,19773,20016,20310,20581,20924,21382,21679,21826,22019,22267,22471,22817,23263,23599,23838,24103,24444,24776,25303,26026,26904,27465,28273,28968,29387,29912,30499,31305,243,294,271,343,458,297,147,193,248,204,346,446,336,239,265,341,332,527,723,878,561,808,695,419,525,587,806,,,,,,,,,,,,,,,,
,Japan,418435,419896,421421,422718,423952,424988,425725,426828,427732,428816,429873,431093,432090,432778,433700,434944,436093,437222,437634,439356,439977,441152,442411,443714,444977,446312,447287,448000,1461,1525,1297,1234,1036,737,1103,904,1084,1057,1220,997,688,922,1244,1149,1129,412,1722,621,1175,1259,1303,1263,1335,975,713,,,,,,,,,,,,,,,,
,Jordan,352219,355106,356744,357611,359811,363728,368278,372417,376441,380268,383912,386496,391090,397158,402282,407617,413350,417934,421415,427717,435130,442202,448851,457151,464856,469000,477053,486470,2887,1638,867,2200,3917,4550,4139,4024,3827,3644,2584,4594,6068,5124,5335,5733,4584,3481,6302,7413,7072,6649,8300,7705,4144,8053,9417,,,,,,,,,,,,,,,,
,Kazakhstan,252821,253751,254712,255584,256388,257100,257800,258609,259478,260384,261244,262093,262715,263396,264178,265028,265929,266803,267657,268327,268902,269599,270399,271363,272365,273469,274541,275502,930,961,872,804,712,700,809,869,906,860,849,622,681,782,850,901,874,854,670,575,697,800,964,1002,1104,1072,961,,,,,,,,,,,,,,,,
,Kenya,103188,103332,103615,103841,103993,104201,104306,104500,104780,105057,105467,105648,105973,106125,106470,106801,107329,107729,108362,108827,109164,109643,110356,111185,111935,112805,113236,113967,144,283,226,152,208,105,194,280,277,410,181,325,152,345,331,528,400,633,465,337,479,713,829,750,870,431,731,,,,,,,,,,,,,,,,
,"Korea, South",84946,85567,86128,86574,86992,87324,87681,88120,88516,88922,89321,89676,90031,90372,90816,91240,91638,92055,92471,92817,93263,93733,94198,94686,95176,95635,96017,96380,621,561,446,418,332,357,439,396,406,399,355,355,341,444,424,398,417,416,346,446,470,465,488,490,459,382,363,,,,,,,,,,,,,,,,
,Kosovo,64868,64868,65165,65450,65450,66480,66480,66740,67569,68006,68451,68451,68451,68451,70285,70853,70853,71444,72600,72600,73735,73735,74708,74708,76070,76070,76070,77787,0,297,285,0,1030,0,260,829,437,445,0,0,0,1834,568,0,591,1156,0,1135,0,973,0,1362,0,0,1717,,,,,,,,,,,,,,,,
,Kuwait,179488,180505,181484,182460,183322,184090,184989,186004,187005,188024,189046,189890,190852,192031,193372,194781,196497,198110,199428,200572,201898,203055,204388,205893,207249,208460,209523,210855,1017,979,976,862,768,899,1015,1001,1019,1022,844,962,1179,1341,1409,1716,1613,1318,1144,1326,1157,1333,1505,1356,1211,1063,1332,,,,,,,,,,,,,,,,
,Kyrgyzstan,85564,85689,85689,85831,85831,85929,85929,86001,86025,86091,86142,86185,86251,86308,86356,86410,86410,86451,86506,86550,86583,86640,86640,86755,86818,86818,86850,86917,125,0,142,0,98,0,72,24,66,51,43,66,57,48,54,0,41,55,44,33,57,0,115,63,0,32,67,,,,,,,,,,,,,,,,
,Laos,45,45,45,45,45,45,45,45,45,45,45,45,45,45,45,45,45,47,47,47,47,47,47,48,48,48,48,48,0,0,0,0,0,0,0,0,0,0,0,0,0,0,0,0,2,0,0,0,0,0,1,0,0,0,0,,,,,,,,,,,,,,,,
,Latvia,77697,78643,79351,80040,81109,81519,81793,82462,83445,84258,84983,85810,86186,86458,87103,88022,88668,89414,90009,90331,90525,90997,91636,92274,92906,93484,93781,93959,946,708,689,1069,410,274,669,983,813,725,827,376,272,645,919,646,746,595,322,194,472,639,638,632,578,297,178,,,,,,,,,,,,,,,,
,Lebanon,343601,346080,348810,351065,353371,355073,356614,359337,362850,366319,369692,372792,375050,376938,380036,383499,386868,390070,393228,395604,397887,401826,405407,408909,411839,415362,418448,419953,2479,2730,2255,2306,1702,1541,2723,3513,3469,3373,3100,2258,1888,3098,3463,3369,3202,3158,2376,2283,3939,3581,3502,2930,3523,3086,1505,,,,,,,,,,,,,,,,
,Lesotho,10350,10375,10455,10455,10461,10461,10466,10467,10467,10468,10491,10491,10491,10495,10497,10521,10522,10523,10523,10523,10523,10525,10525,10528,10528,10530,10530,10530,25,80,0,6,0,5,1,0,1,23,0,0,4,2,24,1,1,0,0,0,2,0,3,0,2,0,0,,,,,,,,,,,,,,,,
,Liberia,1985,1985,1985,1988,1988,1988,1996,1998,2002,2009,2010,2010,2014,2014,2014,2017,2017,2023,2024,2024,2024,2026,2026,2026,2030,2030,2030,2030,0,0,3,0,0,8,2,4,7,1,0,4,0,0,3,0,6,1,0,0,2,0,0,4,0,0,0,,,,,,,,,,,,,,,,
,Libya,128036,128348,128740,129325,129325,129797,130212,130701,131262,131833,132458,132458,133338,134127,134967,135585,136587,137482,137482,138640,139658,140688,141598,142671,143643,143643,144993,146080,312,392,585,0,472,415,489,561,571,625,0,880,789,840,618,1002,895,0,1158,1018,1030,910,1073,972,0,1350,1087,,,,,,,,,,,,,,,,
,Liechtenstein,2540,2540,2542,2543,2545,2546,2550,2553,2553,2558,2564,2566,2567,2575,2576,2577,2582,2588,2589,2590,2592,2594,2594,2596,2601,2602,2612,2612,0,2,1,2,1,4,3,0,5,6,2,1,8,1,1,5,6,1,1,2,2,0,2,5,1,10,0,,,,,,,,,,,,,,,,
,Lithuania,191264,191821,192193,192986,193562,194051,194333,194833,195481,196049,196690,197343,199145,199398,199825,200351,200898,201335,201799,202214,202430,202900,203386,203992,204356,204954,205385,205644,557,372,793,576,489,282,500,648,568,641,653,1802,253,427,526,547,437,464,415,216,470,486,606,364,598,431,259,,,,,,,,,,,,,,,,
,Luxembourg,53062,53329,53562,53782,53782,53782,54172,54354,54678,54871,55110,55110,55110,55480,55632,55902,56110,56296,56296,56296,56677,56822,57056,57321,57503,57503,57503,57926,267,233,220,0,0,390,182,324,193,239,0,0,370,152,270,208,186,0,0,381,145,234,265,182,0,0,423,,,,,,,,,,,,,,,,
,MS Zaandam,9,9,9,9,9,9,9,9,9,9,9,9,9,9,9,9,9,9,9,9,9,9,9,9,9,9,9,9,0,0,0,0,0,0,0,0,0,0,0,0,0,0,0,0,0,0,0,0,0,0,0,0,0,0,0,,,,,,,,,,,,,,,,
,Madagascar,19598,19598,19598,19598,19598,19831,19831,19831,19831,19831,19831,19831,19831,19831,19831,19831,19831,19831,20155,20155,20155,20155,20155,20155,20155,21356,21356,21587,0,0,0,0,233,0,0,0,0,0,0,0,0,0,0,0,0,324,0,0,0,0,0,0,1201,0,231,,,,,,,,,,,,,,,,
,Malawi,29421,29634,29837,30277,30528,30742,30942,31106,31295,31502,31675,31798,31945,32008,32148,32229,32283,32283,32398,32442,32469,32528,32614,32673,32746,32789,32789,32864,213,203,440,251,214,200,164,189,207,173,123,147,63,140,81,54,0,115,44,27,59,86,59,73,43,0,75,,,,,,,,,,,,,,,,
,Malaysia,269165,272163,274875,277811,280272,283569,285761,288229,291774,293698,295951,298315,300752,302580,304135,305880,307943,310097,311777,313460,314989,316269,317717,319364,320939,322409,323763,324971,2998,2712,2936,2461,3297,2192,2468,3545,1924,2253,2364,2437,1828,1555,1745,2063,2154,1680,1683,1529,1280,1448,1647,1575,1470,1354,1208,,,,,,,,,,,,,,,,
,Maldives,18082,18224,18340,18467,18612,18769,18930,19038,19162,19346,19479,19597,19793,19979,20144,20280,20447,20565,20663,20794,20919,21034,21144,21268,21382,21476,21572,21666,142,116,127,145,157,161,108,124,184,133,118,196,186,165,136,167,118,98,131,125,115,110,124,114,94,96,94,,,,,,,,,,,,,,,,
,Mali,8241,8256,8256,8260,8292,8299,8306,8324,8332,8349,8358,8365,8376,8390,8420,8446,8470,8509,8560,8580,8613,8613,8710,8782,8813,8862,8913,8933,15,0,4,32,7,7,18,8,17,9,7,11,14,30,26,24,39,51,20,33,0,97,72,31,49,51,20,,,,,,,,,,,,,,,,
,Malta,20047,20246,20409,20563,20762,20892,21085,21306,21532,21724,21982,22219,22482,22657,22993,23226,23588,23871,24216,24398,24599,24847,25357,25640,25969,26267,26535,26748,199,163,154,199,130,193,221,226,192,258,237,263,175,336,233,362,283,345,182,201,248,510,283,329,298,268,213,,,,,,,,,,,,,,,,
,Marshall Islands,4,4,4,4,4,4,4,4,4,4,4,4,4,4,4,4,4,4,4,4,4,4,4,4,4,4,4,4,0,0,0,0,0,0,0,0,0,0,0,0,0,0,0,0,0,0,0,0,0,0,0,0,0,0,0,,,,,,,,,,,,,,,,
,Mauritania,17016,17041,17058,17071,17083,17095,17110,17130,17158,17179,17187,17196,17207,17217,17235,17252,17267,17285,17309,17322,17340,17365,17385,17394,17410,17424,17438,17457,25,17,13,12,12,15,20,28,21,8,9,11,10,18,17,15,18,24,13,18,25,20,9,16,14,14,19,,,,,,,,,,,,,,,,
,Mauritius,603,603,603,603,603,603,603,610,610,610,610,610,610,619,619,619,620,625,639,641,641,641,641,664,711,739,742,747,0,0,0,0,0,0,7,0,0,0,0,0,9,0,0,1,5,14,2,0,0,0,23,47,28,3,5,,,,,,,,,,,,,,,,
,Mexico,2004575,2013563,2022662,2030491,2038276,2041380,2043632,2052266,2060908,2069370,2076882,2084128,2086938,2089281,2097194,2104987,2112508,2119305,2125866,2128600,2130477,2137884,2144486,2150955,2157771,2163875,2166290,2167729,8988,9099,7829,7785,3104,2252,8634,8642,8462,7512,7246,2810,2343,7913,7793,7521,6797,6561,2734,1877,7407,6602,6469,6816,6104,2415,1439,,,,,,,,,,,,,,,,
,Micronesia,1,1,1,1,1,1,1,1,1,1,1,1,1,1,1,1,1,1,1,1,1,1,1,1,1,1,1,1,0,0,0,0,0,0,0,0,0,0,0,0,0,0,0,0,0,0,0,0,0,0,0,0,0,0,0,,,,,,,,,,,,,,,,
,Moldova,171514,172815,174155,175183,176245,176752,177407,178540,180150,181886,183338,184856,185453,186447,187847,189397,191197,192985,194605,195252,195602,196475,198228,200124,201909,203710,204463,205324,1301,1340,1028,1062,507,655,1133,1610,1736,1452,1518,597,994,1400,1550,1800,1788,1620,647,350,873,1753,1896,1785,1801,753,861,,,,,,,,,,,,,,,,
,Monaco,1787,1816,1835,1844,1862,1870,1885,1904,1916,1932,1942,1953,1956,1965,1965,1981,1997,2009,2019,2023,2028,2048,2062,2075,2097,2106,2107,2120,29,19,9,18,8,15,19,12,16,10,11,3,9,0,16,16,12,10,4,5,20,14,13,22,9,1,13,,,,,,,,,,,,,,,,
,Mongolia,2444,2493,2551,2586,2638,2693,2723,2755,2801,2831,2866,2907,2952,3000,3032,3076,3153,3161,3228,3336,3372,3481,3481,3664,3833,3961,4083,4210,49,58,35,52,55,30,32,46,30,35,41,45,48,32,44,77,8,67,108,36,109,0,183,169,128,122,127,,,,,,,,,,,,,,,,
,Montenegro,69770,70174,70658,71112,71593,71995,72395,72969,73612,74183,74789,75332,75834,76283,76868,77493,78060,78634,79237,79774,80191,80803,81457,82029,82610,83165,83693,84163,404,484,454,481,402,400,574,643,571,606,543,502,449,585,625,567,574,603,537,417,612,654,572,581,555,528,470,,,,,,,,,,,,,,,,
,Morocco,479071,479579,480056,480504,480948,481155,481263,481709,482128,482514,482994,483410,483654,483766,484159,484753,485147,485567,485974,486223,486325,486833,487286,487750,488181,488632,488937,489096,508,477,448,444,207,108,446,419,386,480,416,244,112,393,594,394,420,407,249,102,508,453,464,431,451,305,159,,,,,,,,,,,,,,,,
,Mozambique,51800,52629,53527,54204,54968,55643,56160,56595,56920,57597,58218,58772,59350,59607,59914,60395,61170,61529,62131,62520,62703,62882,63174,63645,64004,64296,64516,64516,829,898,677,764,675,517,435,325,677,621,554,578,257,307,481,775,359,602,389,183,179,292,471,359,292,220,0,,,,,,,,,,,,,,,,
,Namibia,36366,36440,36680,36993,37295,37483,37742,37896,37976,38206,38424,38642,38845,39033,39182,39297,39466,39676,39877,40030,40187,40337,40451,40631,40810,41025,41200,41424,74,240,313,302,188,259,154,80,230,218,218,203,188,149,115,169,210,201,153,157,150,114,180,179,215,175,224,,,,,,,,,,,,,,,,
,Nepal,272945,273070,273166,273263,273351,273431,273556,273666,273760,273872,273984,274065,274143,274216,274294,274381,274488,274608,274655,274721,274810,274869,274973,275070,275118,275178,275231,275310,125,96,97,88,80,125,110,94,112,112,81,78,73,78,87,107,120,47,66,89,59,104,97,48,60,53,79,,,,,,,,,,,,,,,,
Aruba,Netherlands,7461,7513,7553,7599,7647,7674,7692,7735,7775,7804,7849,7876,7891,7908,7938,7973,8009,8054,8089,8110,8110,8177,8227,8272,8320,8376,8395,8421,52,40,46,48,27,18,43,40,29,45,27,15,17,30,35,36,45,35,21,0,67,50,45,48,56,19,26,,,,,,,,,,,,,,,,
"Bonaire, Sint Eustatius and Saba",Netherlands,196,196,196,196,196,196,196,196,196,196,196,196,196,196,196,196,196,196,196,196,196,196,196,196,196,196,196,196,0,0,0,0,0,0,0,0,0,0,0,0,0,0,0,0,0,0,0,0,0,0,0,0,0,0,0,,,,,,,,,,,,,,,,
Curacao,Netherlands,4655,4658,4666,4675,4681,4681,4694,4696,4705,4708,4717,4727,4730,4731,4736,4740,4751,4769,4790,4807,4813,4830,4862,4915,4960,5051,5110,5138,3,8,9,6,0,13,2,9,3,9,10,3,1,5,4,11,18,21,17,6,17,32,53,45,91,59,28,,,,,,,,,,,,,,,,
Sint Maarten,Netherlands,2013,2021,2027,2033,2033,2033,2042,2047,2050,2051,2053,2055,2057,2060,2061,2065,2066,2067,2070,2070,2074,2076,2077,2078,2082,2082,2082,2085,8,6,6,0,0,9,5,3,1,2,2,2,3,1,4,1,1,3,0,4,2,1,1,4,0,0,3,,,,,,,,,,,,,,,,
,Netherlands,1034795,1038156,1042674,1047400,1051965,1056639,1060801,1064598,1068960,1073971,1079084,1084021,1088690,1092452,1096433,1101430,1105544,1110213,1115549,1120075,1123909,1128202,1133474,1138796,1144822,1151218,1157192,1162661,3361,4518,4726,4565,4674,4162,3797,4362,5011,5113,4937,4669,3762,3981,4997,4114,4669,5336,4526,3834,4293,5272,5322,6026,6396,5974,5469,,,,,,,,,,,,,,,,
,New Zealand,2340,2344,2348,2350,2350,2357,2363,2365,2368,2371,2372,2376,2378,2382,2384,2389,2389,2398,2399,2405,2409,2410,2416,2417,2422,2423,2430,2432,4,4,2,0,7,6,2,3,3,1,4,2,4,2,5,0,9,1,6,4,1,6,1,5,1,7,2,,,,,,,,,,,,,,,,
,Nicaragua,6398,6398,6398,6398,6398,6398,6398,6445,6445,6445,6445,6445,6445,6445,6489,6489,6489,6489,6489,6489,6489,6537,6537,6537,6537,6537,6537,6537,0,0,0,0,0,0,47,0,0,0,0,0,0,44,0,0,0,0,0,0,48,0,0,0,0,0,0,,,,,,,,,,,,,,,,
,Niger,4706,4715,4718,4725,4733,4733,4740,4740,4740,4740,4740,4740,4740,4740,4740,4740,4740,4740,4740,4822,4828,4835,4848,4853,4853,4857,4860,4865,9,3,7,8,0,7,0,0,0,0,0,0,0,0,0,0,0,0,82,6,7,13,5,0,4,3,5,,,,,,,,,,,,,,,,
,Nigeria,148296,149369,150246,150908,151553,152074,152616,153187,153842,154476,155076,155417,155657,156017,156496,156960,157671,158042,158237,158506,158906,159252,159646,159933,160332,160537,160657,160895,1073,877,662,645,521,542,571,655,634,600,341,240,360,479,464,711,371,195,269,400,346,394,287,399,205,120,238,,,,,,,,,,,,,,,,
,North Macedonia,97456,97803,98174,98584,99031,99285,99408,99917,100632,101214,101762,102482,102787,103020,103746,104548,105269,106110,106832,107163,107479,108350,109262,110209,111077,112107,112646,112930,347,371,410,447,254,123,509,715,582,548,720,305,233,726,802,721,841,722,331,316,871,912,947,868,1030,539,284,,,,,,,,,,,,,,,,
,Norway,67140,67498,67824,68107,68315,68532,68758,69148,69489,70040,70564,70826,71006,71735,72234,72923,73493,74183,74546,74942,75770,76484,77169,78041,78946,79800,80440,81305,358,326,283,208,217,226,390,341,551,524,262,180,729,499,689,570,690,363,396,828,714,685,872,905,854,640,865,,,,,,,,,,,,,,,,
,Oman,137929,138206,138494,138494,138494,139362,139692,139989,140300,140588,140588,140588,141496,141808,142169,142527,142896,142896,142896,143955,144404,144831,145257,145257,145257,145257,146867,147423,277,288,0,0,868,330,297,311,288,0,0,908,312,361,358,369,0,0,1059,449,427,426,0,0,0,1610,556,,,,,,,,,,,,,,,,
,Pakistan,565989,567261,568506,569846,571174,572334,573384,574580,575941,577482,578797,579973,581365,582528,583916,585435,587014,588728,590508,592100,593453,595239,597497,600198,602536,605200,607453,609964,1272,1245,1340,1328,1160,1050,1196,1361,1541,1315,1176,1392,1163,1388,1519,1579,1714,1780,1592,1353,1786,2258,2701,2338,2664,2253,2511,,,,,,,,,,,,,,,,
,Panama,333251,333755,334463,335339,336037,336521,337087,337805,338701,339383,339781,340445,340915,341420,342019,342741,343281,343743,344477,344834,345236,345759,346301,346775,347226,347641,347919,348155,504,708,876,698,484,566,718,896,682,398,664,470,505,599,722,540,462,734,357,402,523,542,474,451,415,278,236,,,,,,,,,,,,,,,,
,Papua New Guinea,955,955,955,955,970,970,1056,1111,1139,1228,1228,1275,1275,1365,1365,1365,1365,1492,1492,1583,1670,1741,1741,1819,1819,1819,2173,2269,0,0,0,15,0,86,55,28,89,0,47,0,90,0,0,0,127,0,91,87,71,0,78,0,0,354,96,,,,,,,,,,,,,,,,
,Paraguay,146216,147253,148622,149684,150731,151718,152658,153790,154904,156189,157603,158537,159474,160448,161530,162871,164310,165811,166969,168043,169860,171985,174013,175827,177593,179072,180014,181414,1037,1369,1062,1047,987,940,1132,1114,1285,1414,934,937,974,1082,1341,1439,1501,1158,1074,1817,2125,2028,1814,1766,1479,942,1400,,,,,,,,,,,,,,,,
,Peru,1238501,1244729,1252137,1261804,1269523,1283309,1283309,1286757,1293497,1300799,1316363,1323863,1323863,1329805,1338297,1338297,1344969,1349847,1358294,1364964,1371176,1380023,1380023,1387457,1394571,1402610,1407963,1412406,6228,7408,9667,7719,13786,0,3448,6740,7302,15564,7500,0,5942,8492,0,6672,4878,8447,6670,6212,8847,0,7434,7114,8039,5353,4443,,,,,,,,,,,,,,,,
,Philippines,552246,553424,555163,557058,559288,561169,563456,564865,566420,568680,571327,574247,576352,578381,580442,582223,584667,587704,591138,594412,597763,600428,603308,607048,611618,616611,621498,626893,1178,1739,1895,2230,1881,2287,1409,1555,2260,2647,2920,2105,2029,2061,1781,2444,3037,3434,3274,3351,2665,2880,3740,4570,4993,4887,5395,,,,,,,,,,,,,,,,
,Poland,1596673,1605372,1614446,1623218,1631727,1638767,1642658,1648962,1661109,1673252,1684788,1696885,1706986,1711772,1719708,1735406,1750659,1766490,1781345,1794914,1801083,1811036,1828313,1849424,1868297,1889360,1906632,1917527,8699,9074,8772,8509,7040,3891,6304,12147,12143,11536,12097,10101,4786,7936,15698,15253,15831,14855,13569,6169,9953,17277,21111,18873,21063,17272,10895,,,,,,,,,,,,,,,,
,Portugal,788561,790885,792829,794769,796339,797525,798074,799106,800586,801746,802773,803844,804562,804956,805647,806626,807456,808405,809412,810094,810459,811306,811948,812575,813152,813716,814257,814513,2324,1944,1940,1570,1186,549,1032,1480,1160,1027,1071,718,394,691,979,830,949,1007,682,365,847,642,627,577,564,541,256,,,,,,,,,,,,,,,,
,Qatar,158138,158591,159053,159518,159967,160426,160889,161344,161803,162268,162737,163197,163664,164137,164600,165071,165546,166015,166475,166949,167417,167888,168361,168829,169284,169767,170252,170733,453,462,465,449,459,463,455,459,465,469,460,467,473,463,471,475,469,460,474,468,471,473,468,455,483,485,481,,,,,,,,,,,,,,,,
,Romania,765970,768785,771843,774555,777276,779695,781329,784711,788048,791971,795732,799164,801994,804090,808040,812318,816589,820931,824995,828283,830563,835552,840116,845352,850362,855326,859709,862681,2815,3058,2712,2721,2419,1634,3382,3337,3923,3761,3432,2830,2096,3950,4278,4271,4342,4064,3288,2280,4989,4564,5236,5010,4964,4383,2972,,,,,,,,,,,,,,,,
,Russia,4053535,4066164,4079407,4092649,4105424,4117992,4130447,4142126,4153735,4164802,4175757,4187166,4198400,4209850,4220291,4230707,4241970,4252876,4263785,4274263,4284408,4293750,4302726,4311893,4321588,4331396,4341381,4350728,12629,13243,13242,12775,12568,12455,11679,11609,11067,10955,11409,11234,11450,10441,10416,11263,10906,10909,10478,10145,9342,8976,9167,9695,9808,9985,9347,,,,,,,,,,,,,,,,
,Rwanda,17594,17716,17835,17929,17988,18053,18199,18325,18443,18553,18689,18790,18850,18986,19111,19198,19334,19426,19509,19551,19659,19779,19846,19945,20057,20143,20186,20302,122,119,94,59,65,146,126,118,110,136,101,60,136,125,87,136,92,83,42,108,120,67,99,112,86,43,116,,,,,,,,,,,,,,,,
,Saint Kitts and Nevis,41,41,41,41,41,41,41,41,41,41,41,41,41,41,41,41,41,41,41,41,41,41,41,42,42,43,43,43,0,0,0,0,0,0,0,0,0,0,0,0,0,0,0,0,0,0,0,0,0,0,1,0,1,0,0,,,,,,,,,,,,,,,,
,Saint Lucia,2549,2576,2620,2620,2860,3078,3135,3142,3149,3149,3356,3356,3390,3390,3779,3803,3814,3814,3843,3866,3871,3902,3941,3966,3989,3989,4031,4053,27,44,0,240,218,57,7,7,0,207,0,34,0,389,24,11,0,29,23,5,31,39,25,23,0,42,22,,,,,,,,,,,,,,,,
,Saint Vincent and the Grenadines,1457,1462,1462,1494,1498,1503,1503,1511,1519,1519,1519,1556,1556,1628,1628,1645,1645,1645,1645,1663,1663,1663,1670,1674,1674,1680,1680,1680,5,0,32,4,5,0,8,8,0,0,37,0,72,0,17,0,0,0,18,0,0,7,4,0,6,0,0,,,,,,,,,,,,,,,,
,Samoa,3,3,3,3,3,3,3,3,3,3,3,3,3,3,3,3,3,3,3,3,3,3,3,3,3,3,3,3,0,0,0,0,0,0,0,0,0,0,0,0,0,0,0,0,0,0,0,0,0,0,0,0,0,0,0,,,,,,,,,,,,,,,,
,San Marino,3352,3394,3420,3440,3472,3472,3494,3538,3585,3621,3671,3716,3716,3746,3791,3829,3867,3896,3922,3922,3935,3984,4030,4062,4096,4126,4126,4151,42,26,20,32,0,22,44,47,36,50,45,0,30,45,38,38,29,26,0,13,49,46,32,34,30,0,25,,,,,,,,,,,,,,,,
,Sao Tome and Principe,1520,1535,1548,1578,1578,1610,1628,1655,1672,1719,1745,1786,1786,1828,1840,1881,1898,1923,1944,1950,1961,1977,2010,2035,2057,2078,2078,2084,15,13,30,0,32,18,27,17,47,26,41,0,42,12,41,17,25,21,6,11,16,33,25,22,21,0,6,,,,,,,,,,,,,,,,
,Saudi Arabia,373368,373702,374029,374366,374691,375006,375333,375668,376021,376377,376723,377061,377383,377700,378002,378333,378708,379092,379474,379831,380182,380572,380958,381348,381708,382059,382407,382752,334,327,337,325,315,327,335,353,356,346,338,322,317,302,331,375,384,382,357,351,390,386,390,360,351,348,345,,,,,,,,,,,,,,,,
,Senegal,31476,31771,32099,32378,32630,32927,33099,33242,33453,33741,34031,34255,34520,34732,34832,35037,35247,35468,35632,35857,35959,36039,36195,36371,36569,36726,36892,36996,295,328,279,252,297,172,143,211,288,290,224,265,212,100,205,210,221,164,225,102,80,156,176,198,157,166,104,,,,,,,,,,,,,,,,
,Serbia,424020,426487,429048,431680,434122,436640,439596,442853,446313,449901,453240,456450,459259,462728,466885,470941,474807,478878,482397,485439,489530,494106,498696,503291,507959,512051,516277,520911,2467,2561,2632,2442,2518,2956,3257,3460,3588,3339,3210,2809,3469,4157,4056,3866,4071,3519,3042,4091,4576,4590,4595,4668,4092,4226,4634,,,,,,,,,,,,,,,,
,Seychelles,2058,2211,2280,2305,2328,2401,2464,2514,2562,2562,2592,2592,2618,2688,2849,2890,2928,2950,2979,2979,3000,3032,3032,3132,3173,3173,3315,3342,153,69,25,23,73,63,50,48,0,30,0,26,70,161,41,38,22,29,0,21,32,0,100,41,0,142,27,,,,,,,,,,,,,,,,
,Sierra Leone,3825,3825,3829,3841,3849,3855,3857,3862,3880,3884,3884,3887,3887,3887,3889,3900,3900,3909,3918,3920,3921,3922,3928,3932,3934,3937,3937,3938,0,4,12,8,6,2,5,18,4,0,3,0,0,2,11,0,9,9,2,1,1,6,4,2,3,0,1,,,,,,,,,,,,,,,,
,Singapore,59810,59821,59832,59846,59858,59869,59879,59883,59890,59900,59913,59925,59936,59948,59956,59979,59998,60007,60020,60033,60046,60052,60062,60070,60080,60088,60105,60117,11,11,14,12,11,10,4,7,10,13,12,11,12,8,23,19,9,13,13,13,6,10,8,10,8,17,12,,,,,,,,,,,,,,,,
,Slovakia,279696,282864,285419,287752,290457,292143,292792,294790,298337,300775,303420,306268,308083,308925,311002,314359,317159,319582,322104,323390,323786,325993,329593,331571,333872,336235,337503,337960,3168,2555,2333,2705,1686,649,1998,3547,2438,2645,2848,1815,842,2077,3357,2800,2423,2522,1286,396,2207,3600,1978,2301,2363,1268,457,,,,,,,,,,,,,,,,
,Slovenia,180520,181606,182484,183396,184352,184767,185014,185916,187005,187762,188676,189627,190081,190324,191056,192266,193285,194165,195086,195468,195678,196421,197374,198234,199004,199854,200374,200579,1086,878,912,956,415,247,902,1089,757,914,951,454,243,732,1210,1019,880,921,382,210,743,953,860,770,850,520,205,,,,,,,,,,,,,,,,
,Solomon Islands,18,18,18,18,18,18,18,18,18,18,18,18,18,18,18,18,18,18,18,18,18,18,18,18,18,18,18,18,0,0,0,0,0,0,0,0,0,0,0,0,0,0,0,0,0,0,0,0,0,0,0,0,0,0,0,,,,,,,,,,,,,,,,
,Somalia,5373,5500,5632,5632,5889,6017,6246,6246,6549,6687,6687,6991,7257,7392,7518,7727,7850,7850,8041,8321,8438,8577,8713,8820,8820,8946,9190,9328,127,132,0,257,128,229,0,303,138,0,304,266,135,126,209,123,0,191,280,117,139,136,107,0,126,244,138,,,,,,,,,,,,,,,,
,South Africa,1494119,1496439,1498766,1500677,1502367,1503796,1504588,1505586,1507448,1509124,1510778,1512225,1513393,1513959,1514815,1516262,1517666,1518979,1520206,1521068,1521706,1522697,1524174,1525648,1526873,1528414,1529420,1530033,2320,2327,1911,1690,1429,792,998,1862,1676,1654,1447,1168,566,856,1447,1404,1313,1227,862,638,991,1477,1474,1225,1541,1006,613,,,,,,,,,,,,,,,,
,South Sudan,5710,5922,6084,6277,6417,6583,6931,7098,7224,7349,7597,7771,7926,8010,8144,8305,8414,8527,8677,8766,8870,8870,8870,9205,9334,9429,9490,9554,212,162,193,140,166,348,167,126,125,248,174,155,84,134,161,109,113,150,89,104,0,0,335,129,95,61,64,,,,,,,,,,,,,,,,
,Spain,3096343,3107172,3121687,3133122,3133122,3133122,3153971,3161432,3170644,3180212,3188553,3188553,3188553,3204531,3130184,3136321,3142358,3149012,3149012,3149012,3160970,3164982,3172101,3178356,3183704,3183704,3183704,3195062,10829,14515,11435,0,0,20849,7461,9212,9568,8341,0,0,15978,-74347,6137,6037,6654,0,0,11958,4012,7119,6255,5348,0,0,11358,,,,,,,,,,,,,,,,
,Sri Lanka,77184,77906,78420,78937,79480,79999,80517,81009,81467,81933,82430,82890,83094,83552,83870,84226,84610,84960,85150,85695,86039,86343,86685,86989,87286,87600,87907,88238,722,514,517,543,519,518,492,458,466,497,460,204,458,318,356,384,350,190,545,344,304,342,304,297,314,307,331,,,,,,,,,,,,,,,,
,Sudan,30052,30078,30115,30128,30128,30128,30128,30205,30236,30236,30284,30316,30347,30364,30417,30479,30479,30479,30479,30540,30540,30686,30686,30686,30873,30873,30873,30873,26,37,13,0,0,0,77,31,0,48,32,31,17,53,62,0,0,0,61,0,146,0,0,187,0,0,0,,,,,,,,,,,,,,,,
,Suriname,8820,8832,8838,8854,8856,8868,8869,8880,8892,8901,8913,8919,8929,8933,8939,8953,8959,8966,8971,8977,8980,8985,8990,8997,9012,9022,9024,9028,12,6,16,2,12,1,11,12,9,12,6,10,4,6,14,6,7,5,6,3,5,5,7,15,10,2,4,,,,,,,,,,,,,,,,
,Sweden,617869,622102,627022,631166,631166,631166,631166,642099,647470,652465,657309,657309,657309,657309,669113,675292,680130,684961,684961,684961,684961,695975,701892,707192,712527,712527,712527,712527,4233,4920,4144,0,0,0,10933,5371,4995,4844,0,0,0,11804,6179,4838,4831,0,0,0,11014,5917,5300,5335,0,0,0,,,,,,,,,,,,,,,,
,Switzerland,544282,545535,546754,547775,547775,547775,550224,551355,552698,553867,554932,554932,554932,557492,558622,559845,561068,562290,562290,562290,565034,566412,567903,569312,570645,570645,570645,573815,1253,1219,1021,0,0,2449,1131,1343,1169,1065,0,0,2560,1130,1223,1223,1222,0,0,2744,1378,1491,1409,1333,0,0,3170,,,,,,,,,,,,,,,,
,Syria,14951,15001,15045,15094,15143,15179,15230,15282,15343,15405,15467,15533,15588,15642,15696,15753,15815,15870,15925,15981,16042,16117,16187,16257,16328,16401,16478,16556,50,44,49,49,36,51,52,61,62,62,66,55,54,54,57,62,55,55,56,61,75,70,70,71,73,77,78,,,,,,,,,,,,,,,,
,Taiwan*,937,938,940,941,942,942,942,942,946,951,951,954,955,955,955,958,960,960,967,969,976,977,978,978,984,984,985,990,1,2,1,1,0,0,0,4,5,0,3,1,0,0,3,2,0,7,2,7,1,1,0,6,0,1,5,,,,,,,,,,,,,,,,
,Tajikistan,13308,13308,13308,13308,13308,13308,13308,13308,13308,13308,13308,13308,13308,13308,13308,13308,13308,13308,13308,13308,13308,13308,13308,13308,13308,13308,13308,13308,0,0,0,0,0,0,0,0,0,0,0,0,0,0,0,0,0,0,0,0,0,0,0,0,0,0,0,,,,,,,,,,,,,,,,
,Tanzania,509,509,509,509,509,509,509,509,509,509,509,509,509,509,509,509,509,509,509,509,509,509,509,509,509,509,509,509,0,0,0,0,0,0,0,0,0,0,0,0,0,0,0,0,0,0,0,0,0,0,0,0,0,0,0,,,,,,,,,,,,,,,,
,Thailand,24786,24961,25111,25241,25323,25504,25504,25692,25692,25764,25809,25951,26031,26031,26073,26108,26162,26241,26305,26441,26441,26501,26540,26598,26679,26927,27005,27154,175,150,130,82,181,0,188,0,72,45,142,80,0,42,35,54,79,64,136,0,60,39,58,81,248,78,149,,,,,,,,,,,,,,,,
,Timor-Leste,102,102,103,103,103,103,103,107,109,110,110,111,113,113,113,113,113,119,119,122,129,142,145,159,170,178,196,203,0,1,0,0,0,0,4,2,1,0,1,2,0,0,0,0,6,0,3,7,13,3,14,11,8,18,7,,,,,,,,,,,,,,,,
,Togo,5953,6007,6085,6182,6268,6319,6348,6466,6548,6637,6730,6851,6901,6933,7086,7188,7323,7428,7521,7570,7598,7680,7737,7857,7953,7953,8070,8222,54,78,97,86,51,29,118,82,89,93,121,50,32,153,102,135,105,93,49,28,82,57,120,96,0,117,152,,,,,,,,,,,,,,,,
,Trinidad and Tobago,7656,7663,7666,7666,7676,7680,7682,7686,7690,7697,7704,7705,7713,7716,7717,7723,7727,7729,7732,7736,7736,7736,7743,7753,7759,7769,7783,7788,7,3,0,10,4,2,4,4,7,7,1,8,3,1,6,4,2,3,4,0,0,7,10,6,10,14,5,,,,,,,,,,,,,,,,
,Tunisia,224329,225116,226015,226740,227643,228362,228937,229781,230443,231298,231964,232615,233277,233669,234231,235008,235643,236356,237028,237704,238017,238613,239368,239977,240617,241257,241834,242124,787,899,725,903,719,575,844,662,855,666,651,662,392,562,777,635,713,672,676,313,596,755,609,640,640,577,290,,,,,,,,,,,,,,,,
,Turkey,2602034,2609359,2616600,2624019,2631876,2638422,2646526,2655633,2665194,2674766,2683971,2693164,2701588,2711479,2723316,2734836,2746158,2757460,2769230,2780417,2793632,2807387,2821943,2835989,2850930,2866012,2879390,2894893,7325,7241,7419,7857,6546,8104,9107,9561,9572,9205,9193,8424,9891,11837,11520,11322,11302,11770,11187,13215,13755,14556,14046,14941,15082,13378,15503,,,,,,,,,,,,,,,,
,US,27825319,27895423,27964979,28044574,28116088,28173139,28229362,28301617,28376317,28453812,28530741,28595134,28646373,28705285,28762326,28829520,28897518,28963921,29022116,29063082,29108096,29165791,29223730,29286134,29347338,29400553,29438775,29495424,70104,69556,79595,71514,57051,56223,72255,74700,77495,76929,64393,51239,58912,57041,67194,67998,66403,58195,40966,45014,57695,57939,62404,61204,53215,38222,56649,,,,,,,,,,,,,,,,
,Uganda,40063,40102,40154,40168,40199,40213,40221,40243,40261,40300,40322,40335,40357,40367,40395,40408,40426,40452,40452,40464,40479,40490,40520,40535,40544,40544,40581,40591,39,52,14,31,14,8,22,18,39,22,13,22,10,28,13,18,26,0,12,15,11,30,15,9,0,37,10,,,,,,,,,,,,,,,,
,Ukraine,1322406,1326891,1333332,1340054,1346527,1351190,1354545,1358871,1364861,1373139,1381273,1389570,1395528,1399934,1405394,1412748,1422927,1433200,1442457,1449741,1455421,1458785,1465265,1474452,1487497,1500873,1509983,1516865,4485,6441,6722,6473,4663,3355,4326,5990,8278,8134,8297,5958,4406,5460,7354,10179,10273,9257,7284,5680,3364,6480,9187,13045,13376,9110,6882,,,,,,,,,,,,,,,,
,United Arab Emirates,355131,358583,361877,365017,368175,370425,372530,375535,378637,381662,385160,388594,391524,394050,396771,399463,402205,405277,408236,410849,413332,415705,417909,419996,422246,424405,426397,428295,3452,3294,3140,3158,2250,2105,3005,3102,3025,3498,3434,2930,2526,2721,2692,2742,3072,2959,2613,2483,2373,2204,2087,2250,2159,1992,1898,,,,,,,,,,,,,,,,
Anguilla,United Kingdom,18,18,18,18,18,18,18,18,18,18,18,18,18,18,18,18,18,18,18,18,18,18,18,18,18,21,21,21,0,0,0,0,0,0,0,0,0,0,0,0,0,0,0,0,0,0,0,0,0,0,0,0,3,0,0,,,,,,,,,,,,,,,,
Bermuda,United Kingdom,695,697,699,699,699,699,699,703,703,705,705,705,705,707,713,713,718,722,722,722,724,724,731,732,732,735,735,740,2,2,0,0,0,0,4,0,2,0,0,0,2,6,0,5,4,0,0,2,0,7,1,0,3,0,5,,,,,,,,,,,,,,,,
British Virgin Islands,United Kingdom,114,114,114,114,114,114,114,114,114,114,153,153,153,153,153,153,153,153,153,153,153,153,153,153,153,153,153,153,0,0,0,0,0,0,0,0,0,39,0,0,0,0,0,0,0,0,0,0,0,0,0,0,0,0,0,,,,,,,,,,,,,,,,
Cayman Islands,United Kingdom,419,419,425,428,428,428,431,431,431,438,444,444,444,447,447,447,448,451,451,451,451,460,460,463,468,468,468,474,0,6,3,0,0,3,0,0,7,6,0,0,3,0,0,1,3,0,0,0,9,0,3,5,0,0,6,,,,,,,,,,,,,,,,
Channel Islands,United Kingdom,4009,4013,4016,4023,4025,4026,4030,4030,4031,4032,4033,4034,4038,4038,4039,4040,4041,4041,4041,4041,4042,4043,4043,4043,4043,4043,4043,4044,4,3,7,2,1,4,0,1,1,1,1,4,0,1,1,1,0,0,0,1,1,0,0,0,0,0,1,,,,,,,,,,,,,,,,
Falkland Islands (Malvinas),United Kingdom,54,54,54,54,54,54,54,54,54,54,54,54,54,54,54,54,54,54,54,54,54,54,54,54,54,54,54,54,0,0,0,0,0,0,0,0,0,0,0,0,0,0,0,0,0,0,0,0,0,0,0,0,0,0,0,,,,,,,,,,,,,,,,
Gibraltar,United Kingdom,4224,4226,4227,4228,4228,4228,4232,4234,4234,4235,4236,4238,4239,4239,4243,4243,4243,4244,4247,4249,4249,4255,4256,4259,4263,4263,4263,4263,2,1,1,0,0,4,2,0,1,1,2,1,0,4,0,0,1,3,2,0,6,1,3,4,0,0,0,,,,,,,,,,,,,,,,
Isle of Man,United Kingdom,437,437,444,449,450,450,456,462,470,475,475,484,484,486,494,511,546,605,676,757,865,952,1026,1091,1157,1234,1278,1307,0,7,5,1,0,6,6,8,5,0,9,0,2,8,17,35,59,71,81,108,87,74,65,66,77,44,29,,,,,,,,,,,,,,,,
Montserrat,United Kingdom,20,20,20,20,20,20,20,20,20,20,20,20,20,20,20,20,20,20,20,20,20,20,20,20,20,20,20,20,0,0,0,0,0,0,0,0,0,0,0,0,0,0,0,0,0,0,0,0,0,0,0,0,0,0,0,,,,,,,,,,,,,,,,
"Saint Helena, Ascension and Tristan da Cunha",United Kingdom,4,4,4,4,4,4,4,4,4,4,4,4,4,4,4,4,4,4,4,4,4,4,4,4,4,4,4,4,0,0,0,0,0,0,0,0,0,0,0,0,0,0,0,0,0,0,0,0,0,0,0,0,0,0,0,,,,,,,,,,,,,,,,
Turks and Caicos Islands,United Kingdom,1874,1909,1928,1984,2028,2028,2029,2051,2051,2070,2088,2099,2114,2114,2115,2132,2161,2172,2177,2177,2177,2177,2190,2200,2200,2200,2233,2233,35,19,56,44,0,1,22,0,19,18,11,15,0,1,17,29,11,5,0,0,0,13,10,0,0,33,0,,,,,,,,,,,,,,,,
,United Kingdom,4058468,4071185,4083242,4095269,4105675,4115509,4126150,4134639,4144577,4154562,4163085,4170519,4176554,4182009,4188400,4194785,4201358,4207304,4213343,4218520,4223232,4228998,4234924,4241677,4248286,4253820,4258438,4263527,12717,12057,12027,10406,9834,10641,8489,9938,9985,8523,7434,6035,5455,6391,6385,6573,5946,6039,5177,4712,5766,5926,6753,6609,5534,4618,5089,,,,,,,,,,,,,,,,
,Uruguay,49725,50208,50752,51377,52163,52815,53310,53973,54874,55695,56542,57362,57994,58589,59171,60074,60945,61929,63010,63837,64700,65527,66484,67717,69074,70133,71691,72862,483,544,625,786,652,495,663,901,821,847,820,632,595,582,903,871,984,1081,827,863,827,957,1233,1357,1059,1558,1171,,,,,,,,,,,,,,,,
,Uzbekistan,79461,79497,79548,79598,79632,79654,79681,79717,79749,79773,79804,79836,79926,79926,79961,80035,80035,80081,80125,80176,80219,80247,80268,80392,80392,80481,80567,80678,36,51,50,34,22,27,36,32,24,31,32,90,0,35,74,0,46,44,51,43,28,21,124,0,89,86,111,,,,,,,,,,,,,,,,
,Vanuatu,1,1,1,1,1,1,1,1,1,1,1,1,1,1,1,1,1,1,1,1,3,3,3,3,3,3,3,3,0,0,0,0,0,0,0,0,0,0,0,0,0,0,0,0,0,0,0,2,0,0,0,0,0,0,0,,,,,,,,,,,,,,,,
,Venezuela,133927,134319,134781,135114,135603,136068,136545,136986,137445,137871,138295,138739,139116,139545,139934,140383,140960,141356,141885,142338,142774,143321,143321,144277,144786,145379,145379,146488,392,462,333,489,465,477,441,459,426,424,444,377,429,389,449,577,396,529,453,436,547,0,956,509,593,0,1109,,,,,,,,,,,,,,,,
,Vietnam,2311,2329,2347,2362,2368,2383,2392,2403,2412,2421,2426,2432,2448,2448,2475,2482,2488,2494,2501,2512,2524,2526,2529,2533,2550,2553,2554,2557,18,18,15,6,15,9,11,9,9,5,6,16,0,27,7,6,6,7,11,12,2,3,4,17,3,1,3,,,,,,,,,,,,,,,,
,West Bank and Gaza,169487,170527,171154,171717,172315,173635,174969,176377,177768,179293,180848,181909,183612,185336,187309,189326,191203,193029,194548,196812,198554,200382,202378,203669,205652,207436,209304,211602,1040,627,563,598,1320,1334,1408,1391,1525,1555,1061,1703,1724,1973,2017,1877,1826,1519,2264,1742,1828,1996,1291,1983,1784,1868,2298,,,,,,,,,,,,,,,,
,Yemen,2148,2151,2154,2157,2157,2165,2176,2187,2221,2255,2267,2269,2285,2310,2342,2363,2375,2411,2444,2473,2545,2586,2627,2667,2729,2771,2836,2908,3,3,3,0,8,11,11,34,34,12,2,16,25,32,21,12,36,33,29,72,41,41,40,62,42,65,72,,,,,,,,,,,,,,,,
,Zambia,70823,71677,72467,73203,73894,74503,75027,75582,76484,77171,77639,78202,78534,79002,79557,80090,80687,81341,82011,82421,82655,82897,83333,83913,84240,84474,84797,84950,854,790,736,691,609,524,555,902,687,468,563,332,468,555,533,597,654,670,410,234,242,436,580,327,234,323,153,,,,,,,,,,,,,,,,
,Zimbabwe,35315,35423,35543,35710,35768,35796,35862,35910,35960,35994,36044,36058,36089,36115,36148,36179,36223,36248,36260,36271,36289,36321,36341,36377,36423,36471,36484,36504,108,120,167,58,28,66,48,50,34,50,14,31,26,33,31,44,25,12,11,18,32,20,36,46,48,13,20,,,,,,,,,,,,,,,,
